,Country,Year,AverageTemperature,AverageTemperatureUncertainty,Year_Date
0,Afghanistan,1900,13.47,0.7518749999999998,1905.5
1,Afghanistan,1910,13.66,0.7697916666666668,1915.5
2,Afghanistan,1920,13.56,0.7081249999999982,1925.5
3,Afghanistan,1930,13.68,0.5599999999999997,1935.5
4,Afghanistan,1940,14.1,0.4924999999999997,1945.5
5,Afghanistan,1950,13.97,0.5614583333333323,1955.5
6,Afghanistan,1960,13.83,0.5441666666666666,1965.5
7,Afghanistan,1970,13.88,0.602499999999999,1975.5
8,Afghanistan,1980,14.48,0.6020833333333324,1985.5
9,Afghanistan,1990,14.6,0.6947916666666659,1995.5
10,Afghanistan,2000,15.12,0.6519791666666656,2005.5
11,Afghanistan,2010,15.05,0.6340909090909095,2011.909090909091
12,Albania,1900,15.3,0.6941666666666667,1905.5
13,Albania,1910,15.47,0.5566666666666666,1915.5
14,Albania,1920,15.79,0.5133333333333339,1925.5
15,Albania,1930,15.65,0.5466666666666669,1935.5
16,Albania,1940,15.84,0.4875000000000007,1945.5
17,Albania,1950,15.88,0.39083333333333403,1955.5
18,Albania,1960,15.77,0.35,1965.5
19,Albania,1970,15.44,0.3191666666666668,1975.5
20,Albania,1980,15.85,0.33833333333333343,1985.5
21,Albania,1990,16.11,0.37666666666666715,1995.5
22,Albania,2000,16.41,0.36750000000000005,2005.5
23,Albania,2010,16.79,0.4969696969696968,2011.909090909091
24,Algeria,1900,17.4,0.777,1905.5
25,Algeria,1910,17.45,0.6953333333333331,1915.5
26,Algeria,1920,17.78,0.6114999999999996,1925.5
27,Algeria,1930,17.82,0.5386666666666665,1935.5
28,Algeria,1940,18.16,0.5673333333333336,1945.5
29,Algeria,1950,17.93,0.47166666666666734,1955.5
30,Algeria,1960,18.02,0.5035000000000012,1965.5
31,Algeria,1970,17.5,0.4531666666666679,1975.5
32,Algeria,1980,18.38,0.5214999999999991,1985.5
33,Algeria,1990,18.55,0.41366666666666807,1995.5
34,Algeria,2000,19.04,0.3891666666666676,2005.5
35,Algeria,2010,19.11,0.44242424242424205,2011.909090909091
36,Angola,1900,21.38,0.9487499999999984,1905.5
37,Angola,1910,21.5,0.8430555555555548,1915.5
38,Angola,1920,21.78,0.8656944444444449,1925.5
39,Angola,1930,21.74,0.8950000000000005,1935.5
40,Angola,1940,21.9,0.8822222222222215,1945.5
41,Angola,1950,21.77,0.6047222222222219,1955.5
42,Angola,1960,21.87,0.5316666666666664,1965.5
43,Angola,1970,21.85,0.6355555555555544,1975.5
44,Angola,1980,22.13,0.7130555555555568,1985.5
45,Angola,1990,22.38,0.7027777777777792,1995.5
46,Angola,2000,22.52,1.0102777777777783,2005.5
47,Angola,2010,22.27,1.042424242424242,2011.909090909091
48,Argentina,1900,16.69,0.7233333333333332,1905.5
49,Argentina,1910,16.86,0.6834635416666716,1915.5
50,Argentina,1920,16.8,0.5953906250000031,1925.5
51,Argentina,1930,16.9,0.45640625000000123,1935.5
52,Argentina,1940,17.11,0.40315104166666593,1945.5
53,Argentina,1950,16.91,0.4061979166666663,1955.5
54,Argentina,1960,17.25,0.36226562499999965,1965.5
55,Argentina,1970,17.2,0.3640364583333324,1975.5
56,Argentina,1980,17.42,0.3526562499999987,1985.5
57,Argentina,1990,17.49,0.37101562500000107,1995.5
58,Argentina,2000,17.65,0.3964843750000007,2005.5
59,Argentina,2010,17.55,0.4201704545454542,2011.909090909091
60,Armenia,1900,8.1,0.8683333333333331,1905.5
61,Armenia,1910,8.31,0.7808333333333337,1915.5
62,Armenia,1920,8.34,0.8108333333333336,1925.5
63,Armenia,1930,8.39,0.550833333333334,1935.5
64,Armenia,1940,8.4,0.5408333333333328,1945.5
65,Armenia,1950,8.64,0.49666666666666703,1955.5
66,Armenia,1960,8.96,0.44416666666666693,1965.5
67,Armenia,1970,8.62,0.44250000000000034,1975.5
68,Armenia,1980,8.95,0.4425000000000005,1985.5
69,Armenia,1990,9.17,0.413333333333334,1995.5
70,Armenia,2000,9.77,0.4258333333333343,2005.5
71,Armenia,2010,9.94,0.4606060606060604,2011.909090909091
72,Australia,1900,16.59,0.5205357142857128,1905.5
73,Australia,1910,16.81,0.4144047619047583,1915.5
74,Australia,1920,16.74,0.3661904761904734,1925.5
75,Australia,1930,16.78,0.32499999999999846,1935.5
76,Australia,1940,16.67,0.2966071428571418,1945.5
77,Australia,1950,16.75,0.3269047619047603,1955.5
78,Australia,1960,16.82,0.2870833333333331,1965.5
79,Australia,1970,17.12,0.2582738095238097,1975.5
80,Australia,1980,17.21,0.25630952380952265,1985.5
81,Australia,1990,17.26,0.24720238095238012,1995.5
82,Australia,2000,17.62,0.2541666666666657,2005.5
83,Australia,2010,17.55,0.26883116883116925,2011.909090909091
84,Austria,1900,6.01,0.47533333333333416,1905.5
85,Austria,1910,6.24,0.4253333333333343,1915.5
86,Austria,1920,6.34,0.40716666666666823,1925.5
87,Austria,1930,6.22,0.40700000000000097,1935.5
88,Austria,1940,6.57,0.3980000000000015,1945.5
89,Austria,1950,6.42,0.3920000000000009,1955.5
90,Austria,1960,6.3,0.3885000000000007,1965.5
91,Austria,1970,6.48,0.360833333333334,1975.5
92,Austria,1980,6.77,0.3490000000000009,1985.5
93,Austria,1990,7.19,0.3245000000000006,1995.5
94,Austria,2000,7.42,0.31000000000000066,2005.5
95,Austria,2010,7.86,0.40424242424242385,2011.909090909091
96,Azerbaijan,1900,10.86,0.705833333333333,1905.5
97,Azerbaijan,1910,10.93,0.7274999999999998,1915.5
98,Azerbaijan,1920,10.9,0.7033333333333338,1925.5
99,Azerbaijan,1930,11.18,0.5225000000000001,1935.5
100,Azerbaijan,1940,11.12,0.49916666666666654,1945.5
101,Azerbaijan,1950,11.32,0.5274999999999997,1955.5
102,Azerbaijan,1960,11.66,0.47250000000000036,1965.5
103,Azerbaijan,1970,11.46,0.40416666666666695,1975.5
104,Azerbaijan,1980,11.73,0.40000000000000013,1985.5
105,Azerbaijan,1990,11.94,0.3808333333333331,1995.5
106,Azerbaijan,2000,12.7,0.4475000000000001,2005.5
107,Azerbaijan,2010,12.83,0.47272727272727266,2011.909090909091
108,Bahamas,1900,24.42,0.5866666666666666,1905.5
109,Bahamas,1910,24.61,0.5483333333333332,1915.5
110,Bahamas,1920,24.88,0.5741666666666666,1925.5
111,Bahamas,1930,24.85,0.42416666666666647,1935.5
112,Bahamas,1940,25.09,0.3516666666666665,1945.5
113,Bahamas,1950,24.9,0.3124999999999996,1955.5
114,Bahamas,1960,24.79,0.365833333333333,1965.5
115,Bahamas,1970,25.13,0.30333333333333345,1975.5
116,Bahamas,1980,25.24,0.33916666666666656,1985.5
117,Bahamas,1990,25.44,0.3383333333333331,1995.5
118,Bahamas,2000,25.47,0.34749999999999986,2005.5
119,Bahamas,2010,25.68,0.42727272727272736,2011.909090909091
120,Bahrain,1900,25.6,0.8366666666666664,1905.5
121,Bahrain,1910,25.48,0.8366666666666667,1915.5
122,Bahrain,1920,25.76,0.8250000000000003,1925.5
123,Bahrain,1930,25.62,0.7849999999999998,1935.5
124,Bahrain,1940,25.88,0.7491666666666668,1945.5
125,Bahrain,1950,25.94,0.5191666666666663,1955.5
126,Bahrain,1960,26.04,0.5166666666666663,1965.5
127,Bahrain,1970,26.01,0.45416666666666633,1975.5
128,Bahrain,1980,26.11,0.4924999999999995,1985.5
129,Bahrain,1990,26.49,0.3733333333333331,1995.5
130,Bahrain,2000,27.23,0.3733333333333334,2005.5
131,Bahrain,2010,27.39,0.5393939393939393,2011.909090909091
132,Bangladesh,1900,24.97,0.4394736842105209,1905.5
133,Bangladesh,1910,24.96,0.40802631578946974,1915.5
134,Bangladesh,1920,25.09,0.3582017543859603,1925.5
135,Bangladesh,1930,25.2,0.29214912280701605,1935.5
136,Bangladesh,1940,25.25,0.29789473684210377,1945.5
137,Bangladesh,1950,25.51,0.31741228070175165,1955.5
138,Bangladesh,1960,25.38,0.32442982456140124,1965.5
139,Bangladesh,1970,25.38,0.38478070175438334,1975.5
140,Bangladesh,1980,25.52,0.34539473684210104,1985.5
141,Bangladesh,1990,25.5,0.23666666666666647,1995.5
142,Bangladesh,2000,25.75,0.3596929824561362,2005.5
143,Bangladesh,2010,25.76,0.41626794258373306,2011.909090909091
144,Belarus,1900,5.97,0.4957291666666679,1905.5
145,Belarus,1910,6.11,0.4845833333333329,1915.5
146,Belarus,1920,6.01,0.4798958333333329,1925.5
147,Belarus,1930,6.43,0.43062500000000065,1935.5
148,Belarus,1940,6.07,0.40510416666666693,1945.5
149,Belarus,1950,6.32,0.3960416666666676,1955.5
150,Belarus,1960,6.15,0.36510416666666595,1965.5
151,Belarus,1970,6.39,0.3013541666666672,1975.5
152,Belarus,1980,6.74,0.2674999999999987,1985.5
153,Belarus,1990,7.09,0.2273958333333318,1995.5
154,Belarus,2000,7.58,0.23635416666666548,2005.5
155,Belarus,2010,7.8,0.31515151515151507,2011.909090909091
156,Belgium,1900,9.43,0.42273809523809497,1905.5
157,Belgium,1910,9.74,0.3800000000000007,1915.5
158,Belgium,1920,9.78,0.367142857142858,1925.5
159,Belgium,1930,9.87,0.3465476190476198,1935.5
160,Belgium,1940,10.06,0.3127380952380959,1945.5
161,Belgium,1950,9.95,0.318095238095239,1955.5
162,Belgium,1960,9.67,0.2852380952380961,1965.5
163,Belgium,1970,9.93,0.26785714285714246,1975.5
164,Belgium,1980,10.17,0.2604761904761906,1985.5
165,Belgium,1990,10.58,0.23011904761904678,1995.5
166,Belgium,2000,10.88,0.24404761904761818,2005.5
167,Belgium,2010,10.84,0.29350649350649316,2011.909090909091
168,Benin,1900,26.41,0.8363888888888896,1905.5
169,Benin,1910,26.93,0.7330555555555551,1915.5
170,Benin,1920,27.16,0.6605555555555556,1925.5
171,Benin,1930,27.22,0.5890277777777777,1935.5
172,Benin,1940,27.31,0.3888888888888889,1945.5
173,Benin,1950,26.97,0.31750000000000084,1955.5
174,Benin,1960,27.03,0.30736111111111214,1965.5
175,Benin,1970,27.12,0.30319444444444493,1975.5
176,Benin,1980,27.36,0.3145833333333336,1985.5
177,Benin,1990,27.4,0.2990277777777784,1995.5
178,Benin,2000,27.79,0.35763888888889,2005.5
179,Benin,2010,27.73,0.5510101010101011,2011.909090909091
180,Bolivia,1900,11.11,0.8669444444444453,1905.5
181,Bolivia,1910,11.27,0.8854166666666672,1915.5
182,Bolivia,1920,11.3,0.7081944444444453,1925.5
183,Bolivia,1930,11.49,0.6504166666666669,1935.5
184,Bolivia,1940,11.44,0.8058333333333326,1945.5
185,Bolivia,1950,11.39,0.7366666666666668,1955.5
186,Bolivia,1960,11.69,0.6234722222222223,1965.5
187,Bolivia,1970,11.57,0.555416666666667,1975.5
188,Bolivia,1980,11.94,0.61375,1985.5
189,Bolivia,1990,11.89,0.6437500000000004,1995.5
190,Bolivia,2000,11.77,0.6749999999999998,2005.5
191,Bolivia,2010,11.85,0.6262626262626262,2011.909090909091
192,Bosnia And Herzegovina,1900,10.2,0.5948333333333334,1905.5
193,Bosnia And Herzegovina,1910,10.3,0.5530000000000005,1915.5
194,Bosnia And Herzegovina,1920,10.68,0.5188333333333343,1925.5
195,Bosnia And Herzegovina,1930,10.44,0.5370000000000001,1935.5
196,Bosnia And Herzegovina,1940,10.78,0.5178333333333336,1945.5
197,Bosnia And Herzegovina,1950,10.76,0.44866666666666694,1955.5
198,Bosnia And Herzegovina,1960,10.51,0.4253333333333343,1965.5
199,Bosnia And Herzegovina,1970,10.46,0.38816666666666744,1975.5
200,Bosnia And Herzegovina,1980,10.8,0.3636666666666674,1985.5
201,Bosnia And Herzegovina,1990,11.14,0.3973333333333349,1995.5
202,Bosnia And Herzegovina,2000,11.44,0.3941666666666676,2005.5
203,Bosnia And Herzegovina,2010,12.17,0.531515151515151,2011.909090909091
204,Botswana,1900,18.41,0.7108333333333334,1905.5
205,Botswana,1910,18.85,0.7000000000000001,1915.5
206,Botswana,1920,18.92,0.5841666666666667,1925.5
207,Botswana,1930,18.97,0.523333333333333,1935.5
208,Botswana,1940,19.21,0.5149999999999996,1945.5
209,Botswana,1950,19.03,0.4074999999999998,1955.5
210,Botswana,1960,19.3,0.29083333333333333,1965.5
211,Botswana,1970,19.06,0.3108333333333332,1975.5
212,Botswana,1980,19.5,0.353333333333333,1985.5
213,Botswana,1990,19.67,0.30666666666666653,1995.5
214,Botswana,2000,19.72,0.35499999999999976,2005.5
215,Botswana,2010,19.31,0.5636363636363637,2011.909090909091
216,Brazil,1900,21.7,0.9395984848484841,1905.5
217,Brazil,1910,21.79,0.8113674242424257,1915.5
218,Brazil,1920,21.92,0.6189356060605813,1925.5
219,Brazil,1930,22.09,0.6289772727272764,1935.5
220,Brazil,1940,22.02,0.5810681818181727,1945.5
221,Brazil,1950,22.13,0.5322083333333012,1955.5
222,Brazil,1960,22.2,0.48399621212116645,1965.5
223,Brazil,1970,22.22,0.4047159090908674,1975.5
224,Brazil,1980,22.44,0.37945075757572305,1985.5
225,Brazil,1990,22.68,0.3838143939393578,1995.5
226,Brazil,2000,22.95,0.3761439393939084,2005.5
227,Brazil,2010,22.81,0.4774931129476646,2011.909090909091
228,Bulgaria,1900,10.4,0.6059523809523809,1905.5
229,Bulgaria,1910,10.58,0.5879761904761899,1915.5
230,Bulgaria,1920,10.82,0.5470238095238095,1925.5
231,Bulgaria,1930,10.71,0.588214285714285,1935.5
232,Bulgaria,1940,10.59,0.5664285714285708,1945.5
233,Bulgaria,1950,10.87,0.4784523809523809,1955.5
234,Bulgaria,1960,10.92,0.365119047619048,1965.5
235,Bulgaria,1970,10.66,0.32666666666666716,1975.5
236,Bulgaria,1980,10.87,0.34892857142857214,1985.5
237,Bulgaria,1990,11.13,0.3197619047619056,1995.5
238,Bulgaria,2000,11.66,0.3076190476190481,2005.5
239,Bulgaria,2010,12.06,0.45194805194805215,2011.909090909091
240,Burkina Faso,1900,27.33,1.012916666666666,1905.5
241,Burkina Faso,1910,27.82,0.9049999999999997,1915.5
242,Burkina Faso,1920,27.9,0.8349999999999993,1925.5
243,Burkina Faso,1930,28.02,0.8404166666666674,1935.5
244,Burkina Faso,1940,28.07,0.5470833333333335,1945.5
245,Burkina Faso,1950,27.85,0.39874999999999994,1955.5
246,Burkina Faso,1960,27.91,0.32583333333333314,1965.5
247,Burkina Faso,1970,28.01,0.31374999999999975,1975.5
248,Burkina Faso,1980,28.23,0.3945833333333335,1985.5
249,Burkina Faso,1990,28.23,0.37624999999999986,1995.5
250,Burkina Faso,2000,28.72,0.3862500000000003,2005.5
251,Burkina Faso,2010,28.71,0.46212121212121204,2011.909090909091
252,Burma,1900,25.9,0.5522916666666647,1905.5
253,Burma,1910,25.89,0.5324999999999989,1915.5
254,Burma,1920,26.07,0.5497916666666663,1925.5
255,Burma,1930,26.13,0.4719166666666652,1935.5
256,Burma,1940,26.23,0.5004166666666643,1945.5
257,Burma,1950,26.37,0.4776249999999973,1955.5
258,Burma,1960,26.35,0.44437499999999563,1965.5
259,Burma,1970,26.33,0.45387499999999675,1975.5
260,Burma,1980,26.4,0.4389166666666629,1985.5
261,Burma,1990,26.46,0.36087499999999717,1995.5
262,Burma,2000,26.74,0.42741666666666217,2005.5
263,Burma,2010,26.93,0.4983333333333339,2011.909090909091
264,Burundi,1900,20.47,0.9391666666666669,1905.5
265,Burundi,1910,20.64,0.8924999999999998,1915.5
266,Burundi,1920,20.66,0.9341666666666667,1925.5
267,Burundi,1930,20.8,0.5616666666666668,1935.5
268,Burundi,1940,20.89,0.470833333333333,1945.5
269,Burundi,1950,20.8,0.3908333333333332,1955.5
270,Burundi,1960,20.75,0.5449999999999996,1965.5
271,Burundi,1970,20.89,0.4208333333333331,1975.5
272,Burundi,1980,21.18,0.5349999999999997,1985.5
273,Burundi,1990,21.29,0.5974999999999999,1995.5
274,Burundi,2000,21.59,0.6241666666666664,2005.5
275,Burundi,2010,21.38,0.6272727272727273,2011.909090909091
276,Cambodia,1900,26.73,0.5741666666666664,1905.5
277,Cambodia,1910,26.78,0.4791666666666663,1915.5
278,Cambodia,1920,26.75,0.4824999999999996,1925.5
279,Cambodia,1930,27.06,0.3824999999999996,1935.5
280,Cambodia,1940,27.17,0.43750000000000006,1945.5
281,Cambodia,1950,27.23,0.2949999999999999,1955.5
282,Cambodia,1960,27.22,0.29249999999999976,1965.5
283,Cambodia,1970,27.18,0.2908333333333334,1975.5
284,Cambodia,1980,27.33,0.32833333333333325,1985.5
285,Cambodia,1990,27.39,0.3149999999999999,1995.5
286,Cambodia,2000,27.6,0.3166666666666668,2005.5
287,Cambodia,2010,27.87,0.384848484848485,2011.909090909091
288,Cameroon,1900,24.08,1.0667777777777783,1905.5
289,Cameroon,1910,24.6,0.7904999999999993,1915.5
290,Cameroon,1920,24.67,0.7841666666666668,1925.5
291,Cameroon,1930,24.95,0.7790555555555567,1935.5
292,Cameroon,1940,24.95,0.4773888888888849,1945.5
293,Cameroon,1950,24.65,0.31533333333333297,1955.5
294,Cameroon,1960,24.71,0.31194444444444425,1965.5
295,Cameroon,1970,24.81,0.32249999999999923,1975.5
296,Cameroon,1980,24.83,0.43749999999999745,1985.5
297,Cameroon,1990,25.0,0.5001666666666628,1995.5
298,Cameroon,2000,25.44,0.5508333333333313,2005.5
299,Cameroon,2010,25.34,0.6509090909090918,2011.909090909091
300,Canada,1900,4.66,0.4754666666666677,1905.5
301,Canada,1910,4.67,0.4179999999999983,1915.5
302,Canada,1920,4.97,0.360466666666662,1925.5
303,Canada,1930,5.28,0.3244333333333305,1935.5
304,Canada,1940,5.29,0.30083333333333157,1945.5
305,Canada,1950,5.36,0.31273333333333064,1955.5
306,Canada,1960,5.11,0.29093333333333243,1965.5
307,Canada,1970,5.08,0.28176666666666617,1975.5
308,Canada,1980,5.63,0.27320000000000105,1985.5
309,Canada,1990,5.73,0.2686666666666683,1995.5
310,Canada,2000,6.09,0.28086666666666676,2005.5
311,Canada,2010,6.96,0.3646060606060615,2011.909090909091
312,Central African Republic,1900,24.51,1.0583333333333338,1905.5
313,Central African Republic,1910,24.8,0.9033333333333334,1915.5
314,Central African Republic,1920,24.91,0.8416666666666667,1925.5
315,Central African Republic,1930,25.21,0.7100000000000001,1935.5
316,Central African Republic,1940,25.27,0.5316666666666665,1945.5
317,Central African Republic,1950,25.02,0.37416666666666654,1955.5
318,Central African Republic,1960,25.03,0.3691666666666666,1965.5
319,Central African Republic,1970,25.06,0.32333333333333325,1975.5
320,Central African Republic,1980,25.09,0.46833333333333294,1985.5
321,Central African Republic,1990,25.37,0.5249999999999998,1995.5
322,Central African Republic,2000,25.76,0.5791666666666665,2005.5
323,Central African Republic,2010,25.37,0.6333333333333333,2011.909090909091
324,Chad,1900,26.67,1.2337499999999995,1905.5
325,Chad,1910,27.08,0.9233333333333336,1915.5
326,Chad,1920,27.19,1.0033333333333325,1925.5
327,Chad,1930,27.51,0.8654166666666662,1935.5
328,Chad,1940,27.45,0.6129166666666671,1945.5
329,Chad,1950,27.26,0.4666666666666671,1955.5
330,Chad,1960,27.13,0.38874999999999976,1965.5
331,Chad,1970,27.36,0.35458333333333336,1975.5
332,Chad,1980,27.36,0.5200000000000002,1985.5
333,Chad,1990,27.49,0.6820833333333334,1995.5
334,Chad,2000,28.08,0.7470833333333332,2005.5
335,Chad,2010,27.87,0.9303030303030304,2011.909090909091
336,Chile,1900,11.56,0.6864583333333338,1905.5
337,Chile,1910,11.67,0.5723958333333343,1915.5
338,Chile,1920,11.65,0.5045833333333308,1925.5
339,Chile,1930,11.76,0.5014583333333327,1935.5
340,Chile,1940,11.9,0.523472222222222,1945.5
341,Chile,1950,11.88,0.553055555555559,1955.5
342,Chile,1960,11.97,0.48309027777777774,1965.5
343,Chile,1970,11.98,0.4493055555555522,1975.5
344,Chile,1980,12.31,0.44475694444444197,1985.5
345,Chile,1990,12.33,0.497708333333334,1995.5
346,Chile,2000,12.31,0.5449305555555549,2005.5
347,Chile,2010,12.52,0.6087121212121205,2011.909090909091
348,China,1900,12.46,0.8365285087719353,1905.5
349,China,1910,12.45,0.661425438596498,1915.5
350,China,1920,12.77,0.6163552631579029,1925.5
351,China,1930,12.83,0.5442236842105188,1935.5
352,China,1940,13.13,0.5314956140350837,1945.5
353,China,1950,12.89,0.37728070175433315,1955.5
354,China,1960,12.95,0.3270635964911842,1965.5
355,China,1970,13.0,0.29387938596490226,1975.5
356,China,1980,13.13,0.291188596491217,1985.5
357,China,1990,13.45,0.2894298245614065,1995.5
358,China,2000,13.77,0.29277192982456274,2005.5
359,China,2010,13.69,0.466698564593299,2011.909090909091
360,Colombia,1900,22.27,0.758247863247854,1905.5
361,Colombia,1910,22.38,0.7446581196581125,1915.5
362,Colombia,1920,22.51,0.4846794871794911,1925.5
363,Colombia,1930,22.64,0.4504700854700869,1935.5
364,Colombia,1940,22.79,0.4115811965811977,1945.5
365,Colombia,1950,22.83,0.37358974358974506,1955.5
366,Colombia,1960,22.87,0.33912393162393195,1965.5
367,Colombia,1970,22.89,0.3185042735042741,1975.5
368,Colombia,1980,23.07,0.3283547008547008,1985.5
369,Colombia,1990,23.22,0.3182051282051291,1995.5
370,Colombia,2000,23.44,0.3334615384615391,2005.5
371,Colombia,2010,23.36,0.4766899766899746,2011.909090909091
372,Congo,1900,23.48,0.8458333333333332,1905.5
373,Congo,1910,23.68,0.7408333333333331,1915.5
374,Congo,1920,23.84,0.683333333333333,1925.5
375,Congo,1930,24.0,0.7133333333333339,1935.5
376,Congo,1940,24.21,0.46166666666666606,1945.5
377,Congo,1950,23.91,0.3524999999999999,1955.5
378,Congo,1960,23.95,0.3416666666666666,1965.5
379,Congo,1970,24.01,0.29666666666666675,1975.5
380,Congo,1980,24.15,0.34999999999999987,1985.5
381,Congo,1990,24.3,0.31583333333333313,1995.5
382,Congo,2000,24.6,0.5524999999999999,2005.5
383,Congo,2010,24.25,0.6030303030303031,2011.909090909091
384,Congo (Democratic Republic Of The),1900,22.87,0.9267028985507241,1905.5
385,Congo (Democratic Republic Of The),1910,23.07,0.8823188405797076,1915.5
386,Congo (Democratic Republic Of The),1920,23.15,0.8123550724637648,1925.5
387,Congo (Democratic Republic Of The),1930,23.27,0.6329347826086957,1935.5
388,Congo (Democratic Republic Of The),1940,23.42,0.4736231884057931,1945.5
389,Congo (Democratic Republic Of The),1950,23.25,0.3513768115941997,1955.5
390,Congo (Democratic Republic Of The),1960,23.23,0.40152173913043177,1965.5
391,Congo (Democratic Republic Of The),1970,23.36,0.35862318840579244,1975.5
392,Congo (Democratic Republic Of The),1980,23.58,0.4967753623188409,1985.5
393,Congo (Democratic Republic Of The),1990,23.72,0.5250000000000001,1995.5
394,Congo (Democratic Republic Of The),2000,23.99,0.5960869565217399,2005.5
395,Congo (Democratic Republic Of The),2010,23.73,0.6371541501976279,2011.909090909091
396,Costa Rica,1900,24.34,0.9349999999999997,1905.5
397,Costa Rica,1910,24.68,0.7041666666666667,1915.5
398,Costa Rica,1920,24.88,0.62,1925.5
399,Costa Rica,1930,24.86,0.6050000000000003,1935.5
400,Costa Rica,1940,24.97,0.6999999999999998,1945.5
401,Costa Rica,1950,25.13,0.47249999999999986,1955.5
402,Costa Rica,1960,24.94,0.5058333333333331,1965.5
403,Costa Rica,1970,25.03,0.373333333333333,1975.5
404,Costa Rica,1980,25.29,0.38583333333333303,1985.5
405,Costa Rica,1990,25.57,0.38499999999999995,1995.5
406,Costa Rica,2000,25.59,0.3566666666666664,2005.5
407,Costa Rica,2010,25.49,0.5242424242424242,2011.909090909091
408,Croatia,1900,10.25,0.5127777777777787,1905.5
409,Croatia,1910,10.43,0.5127777777777789,1915.5
410,Croatia,1920,10.75,0.46361111111111136,1925.5
411,Croatia,1930,10.52,0.5075000000000004,1935.5
412,Croatia,1940,10.89,0.446666666666667,1945.5
413,Croatia,1950,10.77,0.4197222222222224,1955.5
414,Croatia,1960,10.58,0.3622222222222224,1965.5
415,Croatia,1970,10.62,0.33861111111111125,1975.5
416,Croatia,1980,10.94,0.3349999999999999,1985.5
417,Croatia,1990,11.44,0.33444444444444443,1995.5
418,Croatia,2000,11.7,0.3369444444444444,2005.5
419,Croatia,2010,12.28,0.38989898989898947,2011.909090909091
420,Cuba,1900,25.25,0.6083333333333312,1905.5
421,Cuba,1910,25.41,0.4827380952380924,1915.5
422,Cuba,1920,25.67,0.44732142857142504,1925.5
423,Cuba,1930,25.62,0.3873214285714258,1935.5
424,Cuba,1940,25.83,0.4433333333333302,1945.5
425,Cuba,1950,25.75,0.369285714285712,1955.5
426,Cuba,1960,25.72,0.4068452380952344,1965.5
427,Cuba,1970,25.86,0.33095238095237994,1975.5
428,Cuba,1980,26.03,0.365714285714283,1985.5
429,Cuba,1990,26.27,0.4482738095238057,1995.5
430,Cuba,2000,26.31,0.4516071428571404,2005.5
431,Cuba,2010,26.35,0.4935064935064945,2011.909090909091
432,Cyprus,1900,18.79,0.5133333333333341,1905.5
433,Cyprus,1910,18.85,0.5333333333333333,1915.5
434,Cyprus,1920,19.25,0.32499999999999957,1925.5
435,Cyprus,1930,19.32,0.32333333333333325,1935.5
436,Cyprus,1940,19.2,0.35166666666666646,1945.5
437,Cyprus,1950,19.38,0.3516666666666664,1955.5
438,Cyprus,1960,19.42,0.333333333333333,1965.5
439,Cyprus,1970,19.19,0.3491666666666665,1975.5
440,Cyprus,1980,19.23,0.29083333333333344,1985.5
441,Cyprus,1990,19.53,0.2925000000000001,1995.5
442,Cyprus,2000,20.19,0.27999999999999997,2005.5
443,Cyprus,2010,20.22,0.46363636363636346,2011.909090909091
444,Czech Republic,1900,7.85,0.4173333333333348,1905.5
445,Czech Republic,1910,8.12,0.4143333333333351,1915.5
446,Czech Republic,1920,8.05,0.4100000000000014,1925.5
447,Czech Republic,1930,8.15,0.3908333333333344,1935.5
448,Czech Republic,1940,8.28,0.3810000000000002,1945.5
449,Czech Republic,1950,8.22,0.39783333333333437,1955.5
450,Czech Republic,1960,8.09,0.37633333333333335,1965.5
451,Czech Republic,1970,8.32,0.34666666666666734,1975.5
452,Czech Republic,1980,8.57,0.3219999999999998,1985.5
453,Czech Republic,1990,8.95,0.2791666666666661,1995.5
454,Czech Republic,2000,9.23,0.28016666666666645,2005.5
455,Czech Republic,2010,9.54,0.3636363636363635,2011.909090909091
456,Côte D'Ivoire,1900,25.37,0.8928205128205156,1905.5
457,Côte D'Ivoire,1910,25.8,0.8990384615384631,1915.5
458,Côte D'Ivoire,1920,25.86,0.8298717948717937,1925.5
459,Côte D'Ivoire,1930,25.9,0.6433974358974367,1935.5
460,Côte D'Ivoire,1940,25.97,0.3676923076923063,1945.5
461,Côte D'Ivoire,1950,25.87,0.311923076923076,1955.5
462,Côte D'Ivoire,1960,25.94,0.3060897435897433,1965.5
463,Côte D'Ivoire,1970,25.95,0.27410256410256423,1975.5
464,Côte D'Ivoire,1980,26.25,0.3396794871794864,1985.5
465,Côte D'Ivoire,1990,26.29,0.31025641025640943,1995.5
466,Côte D'Ivoire,2000,26.69,0.4283333333333325,2005.5
467,Côte D'Ivoire,2010,26.63,0.46923076923077,2011.909090909091
468,Denmark,1900,7.71,0.417500000000001,1905.5
469,Denmark,1910,7.91,0.3620833333333343,1915.5
470,Denmark,1920,7.66,0.3412500000000009,1925.5
471,Denmark,1930,8.23,0.3258333333333338,1935.5
472,Denmark,1940,8.03,0.3062500000000001,1945.5
473,Denmark,1950,7.91,0.29958333333333403,1955.5
474,Denmark,1960,7.69,0.3075000000000003,1965.5
475,Denmark,1970,8.14,0.2912500000000001,1975.5
476,Denmark,1980,8.23,0.29083333333333367,1985.5
477,Denmark,1990,8.7,0.27416666666666706,1995.5
478,Denmark,2000,9.03,0.2629166666666667,2005.5
479,Denmark,2010,8.84,0.3196969696969695,2011.909090909091
480,Djibouti,1900,28.8,1.1475000000000009,1905.5
481,Djibouti,1910,28.87,1.096666666666667,1915.5
482,Djibouti,1920,28.86,0.9391666666666662,1925.5
483,Djibouti,1930,28.96,0.8983333333333335,1935.5
484,Djibouti,1940,29.29,0.6541666666666669,1945.5
485,Djibouti,1950,28.97,0.8575,1955.5
486,Djibouti,1960,29.14,0.6474999999999999,1965.5
487,Djibouti,1970,29.27,0.6675000000000003,1975.5
488,Djibouti,1980,29.33,0.783333333333333,1985.5
489,Djibouti,1990,29.62,0.8441666666666667,1995.5
490,Djibouti,2000,30.01,0.7175000000000001,2005.5
491,Djibouti,2010,30.42,0.8242424242424242,2011.909090909091
492,Dominican Republic,1900,25.63,0.5587962962962943,1905.5
493,Dominican Republic,1910,25.66,0.4701851851851844,1915.5
494,Dominican Republic,1920,25.8,0.4612962962962954,1925.5
495,Dominican Republic,1930,25.92,0.39944444444444377,1935.5
496,Dominican Republic,1940,26.03,0.335370370370371,1945.5
497,Dominican Republic,1950,26.13,0.3962962962962955,1955.5
498,Dominican Republic,1960,26.1,0.33361111111111186,1965.5
499,Dominican Republic,1970,26.1,0.3388888888888884,1975.5
500,Dominican Republic,1980,26.36,0.36203703703703677,1985.5
501,Dominican Republic,1990,26.52,0.44583333333333225,1995.5
502,Dominican Republic,2000,26.82,0.36768518518518467,2005.5
503,Dominican Republic,2010,26.65,0.4720538720538722,2011.909090909091
504,Ecuador,1900,20.09,0.9149999999999953,1905.5
505,Ecuador,1910,20.28,0.9178205128205138,1915.5
506,Ecuador,1920,20.45,0.7514102564102566,1925.5
507,Ecuador,1930,20.5,0.4941666666666634,1935.5
508,Ecuador,1940,20.67,0.5760256410256391,1945.5
509,Ecuador,1950,20.64,0.5069230769230744,1955.5
510,Ecuador,1960,20.74,0.3748717948717925,1965.5
511,Ecuador,1970,20.77,0.36538461538461336,1975.5
512,Ecuador,1980,21.02,0.4120512820512791,1985.5
513,Ecuador,1990,21.2,0.3114102564102556,1995.5
514,Ecuador,2000,21.29,0.4632051282051259,2005.5
515,Ecuador,2010,21.14,0.48927738927738995,2011.909090909091
516,Egypt,1900,21.31,0.5756578947368403,1905.5
517,Egypt,1910,21.42,0.4880263157894694,1915.5
518,Egypt,1920,21.75,0.418464912280694,1925.5
519,Egypt,1930,21.91,0.43166666666666204,1935.5
520,Egypt,1940,21.68,0.3985964912280657,1945.5
521,Egypt,1950,21.99,0.3672368421052589,1955.5
522,Egypt,1960,21.91,0.3474999999999954,1965.5
523,Egypt,1970,21.87,0.358377192982453,1975.5
524,Egypt,1980,21.74,0.324385964912278,1985.5
525,Egypt,1990,22.11,0.3466666666666637,1995.5
526,Egypt,2000,22.76,0.29539473684210354,2005.5
527,Egypt,2010,22.73,0.43971291866028794,2011.909090909091
528,El Salvador,1900,24.77,0.9830555555555565,1905.5
529,El Salvador,1910,25.11,0.6337499999999989,1915.5
530,El Salvador,1920,25.38,0.6188888888888887,1925.5
531,El Salvador,1930,25.31,0.6273611111111113,1935.5
532,El Salvador,1940,25.51,0.6230555555555559,1945.5
533,El Salvador,1950,25.56,0.43555555555555703,1955.5
534,El Salvador,1960,25.41,0.41708333333333447,1965.5
535,El Salvador,1970,25.57,0.33819444444444585,1975.5
536,El Salvador,1980,25.71,0.4475000000000001,1985.5
537,El Salvador,1990,26.01,0.42138888888889026,1995.5
538,El Salvador,2000,25.96,0.4115277777777787,2005.5
539,El Salvador,2010,26.0,0.5222222222222217,2011.909090909091
540,Equatorial Guinea,1900,24.64,0.9283333333333332,1905.5
541,Equatorial Guinea,1910,25.16,0.7383333333333333,1915.5
542,Equatorial Guinea,1920,25.2,0.6708333333333336,1925.5
543,Equatorial Guinea,1930,25.45,0.7566666666666666,1935.5
544,Equatorial Guinea,1940,25.54,0.3816666666666663,1945.5
545,Equatorial Guinea,1950,25.22,0.29,1955.5
546,Equatorial Guinea,1960,25.33,0.272083333333333,1965.5
547,Equatorial Guinea,1970,25.34,0.2720833333333333,1975.5
548,Equatorial Guinea,1980,25.38,0.38124999999999964,1985.5
549,Equatorial Guinea,1990,25.58,0.4329166666666665,1995.5
550,Equatorial Guinea,2000,25.94,0.4433333333333334,2005.5
551,Equatorial Guinea,2010,25.85,0.4909090909090909,2011.909090909091
552,Eritrea,1900,23.59,1.1574999999999998,1905.5
553,Eritrea,1910,23.61,1.12,1915.5
554,Eritrea,1920,23.92,0.9966666666666664,1925.5
555,Eritrea,1930,23.92,0.9308333333333334,1935.5
556,Eritrea,1940,24.13,0.8041666666666668,1945.5
557,Eritrea,1950,24.07,0.745,1955.5
558,Eritrea,1960,23.9,0.6099999999999998,1965.5
559,Eritrea,1970,24.08,0.5199999999999999,1975.5
560,Eritrea,1980,24.11,0.7716666666666666,1985.5
561,Eritrea,1990,24.36,0.6533333333333332,1995.5
562,Eritrea,2000,24.88,0.5549999999999997,2005.5
563,Eritrea,2010,25.2,0.8272727272727273,2011.909090909091
564,Estonia,1900,4.64,0.46291666666666664,1905.5
565,Estonia,1910,4.68,0.4620833333333332,1915.5
566,Estonia,1920,4.72,0.36625000000000013,1925.5
567,Estonia,1930,5.38,0.33874999999999983,1935.5
568,Estonia,1940,4.81,0.3454166666666666,1945.5
569,Estonia,1950,4.76,0.3516666666666665,1955.5
570,Estonia,1960,4.61,0.3316666666666664,1965.5
571,Estonia,1970,5.07,0.2949999999999999,1975.5
572,Estonia,1980,5.28,0.2983333333333334,1985.5
573,Estonia,1990,5.72,0.2716666666666668,1995.5
574,Estonia,2000,6.03,0.26875000000000004,2005.5
575,Estonia,2010,6.27,0.32272727272727275,2011.909090909091
576,Ethiopia,1900,20.26,1.1256481481481488,1905.5
577,Ethiopia,1910,20.36,1.0054629629629646,1915.5
578,Ethiopia,1920,20.35,0.8398148148148148,1925.5
579,Ethiopia,1930,20.6,0.6970370370370371,1935.5
580,Ethiopia,1940,20.68,0.6837962962962952,1945.5
581,Ethiopia,1950,20.62,0.8712962962962959,1955.5
582,Ethiopia,1960,20.5,0.5890740740740731,1965.5
583,Ethiopia,1970,20.69,0.4544444444444442,1975.5
584,Ethiopia,1980,20.86,0.513703703703703,1985.5
585,Ethiopia,1990,20.99,0.768518518518517,1995.5
586,Ethiopia,2000,21.44,0.6518518518518508,2005.5
587,Ethiopia,2010,21.87,1.2037037037037035,2011.909090909091
588,Finland,1900,3.65,0.45550000000000096,1905.5
589,Finland,1910,3.68,0.4211666666666673,1915.5
590,Finland,1920,3.79,0.3743333333333346,1925.5
591,Finland,1930,4.55,0.37166666666666787,1935.5
592,Finland,1940,3.99,0.3543333333333343,1945.5
593,Finland,1950,3.83,0.3711666666666675,1955.5
594,Finland,1960,3.65,0.3635000000000011,1965.5
595,Finland,1970,4.07,0.333500000000001,1975.5
596,Finland,1980,4.11,0.3245000000000003,1985.5
597,Finland,1990,4.74,0.32550000000000057,1995.5
598,Finland,2000,5.01,0.33766666666666734,2005.5
599,Finland,2010,5.28,0.44060606060606056,2011.909090909091
600,France,1900,10.02,0.47233796296296626,1905.5
601,France,1910,10.21,0.4513657407407411,1915.5
602,France,1920,10.47,0.38768518518518585,1925.5
603,France,1930,10.34,0.38717592592592653,1935.5
604,France,1940,10.74,0.35004629629629697,1945.5
605,France,1950,10.51,0.3371296296296294,1955.5
606,France,1960,10.35,0.3142129629629613,1965.5
607,France,1970,10.4,0.28381944444444435,1975.5
608,France,1980,10.86,0.27203703703703713,1985.5
609,France,1990,11.24,0.25067129629629986,1995.5
610,France,2000,11.39,0.2431712962962995,2005.5
611,France,2010,11.58,0.33484848484848456,2011.909090909091
612,Gabon,1900,25.41,0.8637499999999998,1905.5
613,Gabon,1910,25.8,0.7920833333333334,1915.5
614,Gabon,1920,25.91,0.7087499999999984,1925.5
615,Gabon,1930,26.1,0.7712499999999995,1935.5
616,Gabon,1940,26.27,0.4129166666666666,1945.5
617,Gabon,1950,25.96,0.3395833333333333,1955.5
618,Gabon,1960,26.04,0.29958333333333337,1965.5
619,Gabon,1970,26.02,0.31458333333333305,1975.5
620,Gabon,1980,26.14,0.42,1985.5
621,Gabon,1990,26.32,0.44499999999999973,1995.5
622,Gabon,2000,26.64,0.49458333333333315,2005.5
623,Gabon,2010,26.55,0.5787878787878787,2011.909090909091
624,Gambia,1900,24.78,0.6766666666666665,1905.5
625,Gambia,1910,24.98,0.8574999999999999,1915.5
626,Gambia,1920,25.15,0.6224999999999998,1925.5
627,Gambia,1930,25.16,0.6850000000000005,1935.5
628,Gambia,1940,25.26,0.353333333333333,1945.5
629,Gambia,1950,25.07,0.3308333333333332,1955.5
630,Gambia,1960,25.32,0.3866666666666664,1965.5
631,Gambia,1970,25.29,0.4174999999999999,1975.5
632,Gambia,1980,25.65,0.4591666666666667,1985.5
633,Gambia,1990,25.84,0.4841666666666669,1995.5
634,Gambia,2000,26.02,0.5516666666666664,2005.5
635,Gambia,2010,25.82,0.5727272727272728,2011.909090909091
636,Georgia,1900,8.1,0.868333333333333,1905.5
637,Georgia,1910,8.31,0.7808333333333339,1915.5
638,Georgia,1920,8.34,0.8108333333333332,1925.5
639,Georgia,1930,8.39,0.5508333333333331,1935.5
640,Georgia,1940,8.4,0.5408333333333332,1945.5
641,Georgia,1950,8.64,0.4966666666666668,1955.5
642,Georgia,1960,8.96,0.4441666666666667,1965.5
643,Georgia,1970,8.62,0.44249999999999995,1975.5
644,Georgia,1980,8.95,0.44250000000000006,1985.5
645,Georgia,1990,9.17,0.4133333333333336,1995.5
646,Georgia,2000,9.77,0.4258333333333332,2005.5
647,Georgia,2010,9.94,0.46060606060606074,2011.909090909091
648,Germany,1900,8.24,0.399753086419774,1905.5
649,Germany,1910,8.53,0.3602674897119556,1915.5
650,Germany,1920,8.48,0.32374485596709857,1925.5
651,Germany,1930,8.61,0.3269650205761478,1935.5
652,Germany,1940,8.77,0.29799382716050066,1945.5
653,Germany,1950,8.66,0.29477366255144427,1955.5
654,Germany,1960,8.46,0.2855864197530907,1965.5
655,Germany,1970,8.74,0.269084362139918,1975.5
656,Germany,1980,8.96,0.2567695473251037,1985.5
657,Germany,1990,9.4,0.24606995884773514,1995.5
658,Germany,2000,9.64,0.24170781893003995,2005.5
659,Germany,2010,9.75,0.276131687242797,2011.909090909091
660,Ghana,1900,25.79,0.8579629629629628,1905.5
661,Ghana,1910,26.35,0.8594444444444416,1915.5
662,Ghana,1920,26.49,0.6565740740740732,1925.5
663,Ghana,1930,26.47,0.5574999999999984,1935.5
664,Ghana,1940,26.59,0.3125000000000005,1945.5
665,Ghana,1950,26.34,0.2974074074074071,1955.5
666,Ghana,1960,26.42,0.28962962962962985,1965.5
667,Ghana,1970,26.46,0.3021296296296297,1975.5
668,Ghana,1980,26.75,0.35074074074074146,1985.5
669,Ghana,1990,26.77,0.3353703703703709,1995.5
670,Ghana,2000,27.12,0.3447222222222222,2005.5
671,Ghana,2010,27.1,0.42390572390572395,2011.909090909091
672,Greece,1900,16.13,0.6453571428571432,1905.5
673,Greece,1910,16.33,0.6564285714285713,1915.5
674,Greece,1920,16.7,0.6439285714285712,1925.5
675,Greece,1930,16.66,0.5807142857142858,1935.5
676,Greece,1940,16.61,0.5117857142857137,1945.5
677,Greece,1950,16.69,0.39190476190476203,1955.5
678,Greece,1960,16.73,0.346785714285715,1965.5
679,Greece,1970,16.35,0.312380952380953,1975.5
680,Greece,1980,16.56,0.3261904761904766,1985.5
681,Greece,1990,16.79,0.3044047619047622,1995.5
682,Greece,2000,17.35,0.3029761904761908,2005.5
683,Greece,2010,17.55,0.3878787878787875,2011.909090909091
684,Guatemala,1900,18.71,0.9558333333333338,1905.5
685,Guatemala,1910,19.05,0.6433333333333346,1915.5
686,Guatemala,1920,19.31,0.6000000000000009,1925.5
687,Guatemala,1930,19.27,0.5424999999999989,1935.5
688,Guatemala,1940,19.47,0.5583333333333316,1945.5
689,Guatemala,1950,19.49,0.40249999999999914,1955.5
690,Guatemala,1960,19.36,0.33083333333333315,1965.5
691,Guatemala,1970,19.51,0.3275000000000004,1975.5
692,Guatemala,1980,19.61,0.3566666666666673,1985.5
693,Guatemala,1990,19.86,0.3191666666666667,1995.5
694,Guatemala,2000,19.87,0.315833333333334,2005.5
695,Guatemala,2010,20.01,0.44545454545454566,2011.909090909091
696,Guinea,1900,25.17,0.8208333333333341,1905.5
697,Guinea,1910,25.45,0.8577083333333345,1915.5
698,Guinea,1920,25.44,0.7304166666666673,1925.5
699,Guinea,1930,25.56,0.5970833333333335,1935.5
700,Guinea,1940,25.64,0.38145833333333373,1945.5
701,Guinea,1950,25.57,0.32645833333333396,1955.5
702,Guinea,1960,25.64,0.32833333333333353,1965.5
703,Guinea,1970,25.73,0.3252083333333339,1975.5
704,Guinea,1980,25.93,0.3664583333333337,1985.5
705,Guinea,1990,26.07,0.47083333333333505,1995.5
706,Guinea,2000,26.44,0.5704166666666668,2005.5
707,Guinea,2010,26.34,0.6689393939393938,2011.909090909091
708,Guinea Bissau,1900,26.71,0.7516666666666669,1905.5
709,Guinea Bissau,1910,26.9,0.8824999999999998,1915.5
710,Guinea Bissau,1920,26.98,0.7341666666666669,1925.5
711,Guinea Bissau,1930,27.11,0.5424999999999999,1935.5
712,Guinea Bissau,1940,27.14,0.31499999999999984,1945.5
713,Guinea Bissau,1950,27.04,0.33249999999999974,1955.5
714,Guinea Bissau,1960,27.16,0.37916666666666643,1965.5
715,Guinea Bissau,1970,27.21,0.33666666666666667,1975.5
716,Guinea Bissau,1980,27.54,0.4108333333333333,1985.5
717,Guinea Bissau,1990,27.69,0.47583333333333333,1995.5
718,Guinea Bissau,2000,27.91,0.514166666666666,2005.5
719,Guinea Bissau,2010,27.94,0.5393939393939394,2011.909090909091
720,Guyana,1900,26.24,0.6225,1905.5
721,Guyana,1910,26.26,0.5783333333333334,1915.5
722,Guyana,1920,26.37,0.42999999999999966,1925.5
723,Guyana,1930,26.64,0.35083333333333305,1935.5
724,Guyana,1940,26.65,0.34499999999999975,1945.5
725,Guyana,1950,26.84,0.3699999999999998,1955.5
726,Guyana,1960,26.86,0.37833333333333313,1965.5
727,Guyana,1970,26.78,0.3024999999999998,1975.5
728,Guyana,1980,26.95,0.3708333333333332,1985.5
729,Guyana,1990,27.2,0.3499999999999997,1995.5
730,Guyana,2000,27.49,0.408333333333333,2005.5
731,Guyana,2010,27.39,0.49696969696969706,2011.909090909091
732,Haiti,1900,26.11,0.6521666666666663,1905.5
733,Haiti,1910,26.14,0.5465000000000011,1915.5
734,Haiti,1920,26.36,0.5285000000000007,1925.5
735,Haiti,1930,26.43,0.5028333333333334,1935.5
736,Haiti,1940,26.54,0.39750000000000113,1945.5
737,Haiti,1950,26.58,0.36183333333333456,1955.5
738,Haiti,1960,26.61,0.3850000000000011,1965.5
739,Haiti,1970,26.61,0.3656666666666677,1975.5
740,Haiti,1980,26.86,0.402000000000002,1985.5
741,Haiti,1990,27.03,0.5280000000000006,1995.5
742,Haiti,2000,27.25,0.4206666666666681,2005.5
743,Haiti,2010,27.08,0.5515151515151515,2011.909090909091
744,Honduras,1900,23.48,0.9508333333333346,1905.5
745,Honduras,1910,23.86,0.6028333333333331,1915.5
746,Honduras,1920,24.08,0.6176666666666667,1925.5
747,Honduras,1930,24.07,0.589333333333333,1935.5
748,Honduras,1940,24.22,0.5406666666666673,1945.5
749,Honduras,1950,24.27,0.5418333333333335,1955.5
750,Honduras,1960,24.15,0.35850000000000126,1965.5
751,Honduras,1970,24.27,0.33616666666666817,1975.5
752,Honduras,1980,24.41,0.4066666666666682,1985.5
753,Honduras,1990,24.79,0.40283333333333415,1995.5
754,Honduras,2000,24.67,0.38550000000000156,2005.5
755,Honduras,2010,24.8,0.4490909090909087,2011.909090909091
756,Hong Kong,1900,21.18,0.6049999999999999,1905.5
757,Hong Kong,1910,21.23,0.5591666666666666,1915.5
758,Hong Kong,1920,21.42,0.4491666666666664,1925.5
759,Hong Kong,1930,21.45,0.3866666666666661,1935.5
760,Hong Kong,1940,21.87,0.47416666666666624,1945.5
761,Hong Kong,1950,21.73,0.3308333333333332,1955.5
762,Hong Kong,1960,21.69,0.2700000000000001,1965.5
763,Hong Kong,1970,21.69,0.2491666666666666,1975.5
764,Hong Kong,1980,21.75,0.2233333333333333,1985.5
765,Hong Kong,1990,21.77,0.23666666666666653,1995.5
766,Hong Kong,2000,22.07,0.21500000000000005,2005.5
767,Hong Kong,2010,21.95,0.393939393939394,2011.909090909091
768,Hungary,1900,9.6,0.4672222222222218,1905.5
769,Hungary,1910,9.7,0.48722222222222256,1915.5
770,Hungary,1920,9.92,0.44833333333333325,1925.5
771,Hungary,1930,9.83,0.42583333333333245,1935.5
772,Hungary,1940,10.04,0.4211111111111106,1945.5
773,Hungary,1950,10.06,0.3792592592592597,1955.5
774,Hungary,1960,9.92,0.3538888888888888,1965.5
775,Hungary,1970,10.02,0.3092592592592591,1975.5
776,Hungary,1980,10.19,0.32277777777777766,1985.5
777,Hungary,1990,10.55,0.3108333333333339,1995.5
778,Hungary,2000,10.95,0.30712962962962986,2005.5
779,Hungary,2010,11.5,0.3744107744107744,2011.909090909091
780,Iceland,1900,1.27,0.6516666666666663,1905.5
781,Iceland,1910,1.27,0.6641666666666665,1915.5
782,Iceland,1920,1.83,0.6958333333333336,1925.5
783,Iceland,1930,2.43,0.7316666666666667,1935.5
784,Iceland,1940,2.13,0.5750000000000003,1945.5
785,Iceland,1950,2.0,0.4149999999999999,1955.5
786,Iceland,1960,1.52,0.48749999999999977,1965.5
787,Iceland,1970,1.73,0.4683333333333328,1975.5
788,Iceland,1980,1.52,0.35166666666666624,1985.5
789,Iceland,1990,1.91,0.3683333333333333,1995.5
790,Iceland,2000,2.75,0.38916666666666627,2005.5
791,Iceland,2010,2.75,0.43333333333333335,2011.909090909091
792,India,1900,25.31,0.504106990622333,1905.5
793,India,1910,25.31,0.49651960784313565,1915.5
794,India,1920,25.44,0.4521504688831763,1925.5
795,India,1930,25.38,0.39446504688828765,1935.5
796,India,1940,25.56,0.37583333333328095,1945.5
797,India,1950,25.75,0.4154497016197454,1955.5
798,India,1960,25.59,0.44375745950551765,1965.5
799,India,1970,25.68,0.4032672634270679,1975.5
800,India,1980,25.82,0.39310102301785854,1985.5
801,India,1990,25.91,0.3647634271099332,1995.5
802,India,2000,26.21,0.3829816709291939,2005.5
803,India,2010,26.24,0.45233666589165045,2011.909090909091
804,Indonesia,1900,25.68,0.6041839080459754,1905.5
805,Indonesia,1910,25.71,0.5087643678160836,1915.5
806,Indonesia,1920,25.82,0.4264712643678146,1925.5
807,Indonesia,1930,26.0,0.3915172413793136,1935.5
808,Indonesia,1940,26.17,0.6408620689654899,1945.5
809,Indonesia,1950,26.27,0.5825747126436561,1955.5
810,Indonesia,1960,26.19,0.366724137931035,1965.5
811,Indonesia,1970,26.26,0.39060919540229827,1975.5
812,Indonesia,1980,26.41,0.38684482758620214,1985.5
813,Indonesia,1990,26.6,0.2906666666666659,1995.5
814,Indonesia,2000,26.77,0.33190804597701434,2005.5
815,Indonesia,2010,26.69,0.3615047021943568,2011.909090909091
816,Iran,1900,14.72,0.8342929292929264,1905.5
817,Iran,1910,14.69,0.8321338383838379,1915.5
818,Iran,1920,14.86,0.7685858585858562,1925.5
819,Iran,1930,14.9,0.6408712121212117,1935.5
820,Iran,1940,14.96,0.5998358585858669,1945.5
821,Iran,1950,15.08,0.657664141414146,1955.5
822,Iran,1960,15.28,0.5309217171717269,1965.5
823,Iran,1970,15.13,0.49816919191920633,1975.5
824,Iran,1980,15.48,0.4953030303030459,1985.5
825,Iran,1990,15.77,0.3856691919192069,1995.5
826,Iran,2000,16.5,0.4607449494949647,2005.5
827,Iran,2010,16.67,0.57786960514233,2011.909090909091
828,Iraq,1900,19.75,0.7972916666666667,1905.5
829,Iraq,1910,19.65,0.8120833333333327,1915.5
830,Iraq,1920,19.98,0.7833333333333331,1925.5
831,Iraq,1930,20.0,0.6287500000000006,1935.5
832,Iraq,1940,19.89,0.5847916666666664,1945.5
833,Iraq,1950,20.16,0.5508333333333336,1955.5
834,Iraq,1960,20.38,0.4916666666666673,1965.5
835,Iraq,1970,20.24,0.5183333333333341,1975.5
836,Iraq,1980,20.37,0.4672916666666684,1985.5
837,Iraq,1990,20.63,0.4950000000000011,1995.5
838,Iraq,2000,21.31,0.39041666666666763,2005.5
839,Iraq,2010,21.52,0.5378787878787875,2011.909090909091
840,Ireland,1900,8.92,0.4879166666666669,1905.5
841,Ireland,1910,9.08,0.4712500000000002,1915.5
842,Ireland,1920,9.24,0.3908333333333332,1925.5
843,Ireland,1930,9.49,0.36708333333333343,1935.5
844,Ireland,1940,9.56,0.315833333333333,1945.5
845,Ireland,1950,9.42,0.2741666666666667,1955.5
846,Ireland,1960,9.14,0.2520833333333335,1965.5
847,Ireland,1970,9.37,0.23875000000000027,1975.5
848,Ireland,1980,9.45,0.21041666666666697,1985.5
849,Ireland,1990,9.84,0.21916666666666726,1995.5
850,Ireland,2000,10.04,0.2475000000000003,2005.5
851,Ireland,2010,9.91,0.3560606060606061,2011.909090909091
852,Israel,1900,18.79,0.47240740740740583,1905.5
853,Israel,1910,18.75,0.5262962962962945,1915.5
854,Israel,1920,19.22,0.4289814814814798,1925.5
855,Israel,1930,19.38,0.43851851851851775,1935.5
856,Israel,1940,19.1,0.436574074074073,1945.5
857,Israel,1950,19.44,0.3703703703703704,1955.5
858,Israel,1960,19.41,0.3450925925925926,1965.5
859,Israel,1970,19.26,0.3068518518518519,1975.5
860,Israel,1980,19.25,0.295740740740741,1985.5
861,Israel,1990,19.59,0.3108333333333332,1995.5
862,Israel,2000,20.24,0.2872222222222222,2005.5
863,Israel,2010,20.11,0.511784511784512,2011.909090909091
864,Italy,1900,12.29,0.5154960317460402,1905.5
865,Italy,1910,12.46,0.5186309523809582,1915.5
866,Italy,1920,12.83,0.47561507936508757,1925.5
867,Italy,1930,12.61,0.5003174603174706,1935.5
868,Italy,1940,13.04,0.5010912698412793,1945.5
869,Italy,1950,12.83,0.4014087301587328,1955.5
870,Italy,1960,12.76,0.3551190476190491,1965.5
871,Italy,1970,12.61,0.35992063492063747,1975.5
872,Italy,1980,13.06,0.36880952380952414,1985.5
873,Italy,1990,13.47,0.3624404761904762,1995.5
874,Italy,2000,13.68,0.35563492063492347,2005.5
875,Italy,2010,14.04,0.45324675324675073,2011.909090909091
876,Jamaica,1900,26.12,0.7075000000000002,1905.5
877,Jamaica,1910,26.24,0.5702777777777783,1915.5
878,Jamaica,1920,26.49,0.5130555555555564,1925.5
879,Jamaica,1930,26.44,0.4775000000000007,1935.5
880,Jamaica,1940,26.58,0.5316666666666673,1945.5
881,Jamaica,1950,26.6,0.398055555555556,1955.5
882,Jamaica,1960,26.6,0.4780555555555558,1965.5
883,Jamaica,1970,26.66,0.3594444444444446,1975.5
884,Jamaica,1980,26.87,0.35222222222222216,1985.5
885,Jamaica,1990,27.08,0.4327777777777777,1995.5
886,Jamaica,2000,27.17,0.44472222222222246,2005.5
887,Jamaica,2010,27.15,0.6080808080808081,2011.909090909091
888,Japan,1900,12.93,0.37571428571426324,1905.5
889,Japan,1910,13.34,0.34353333333332525,1915.5
890,Japan,1920,13.24,0.2994952380952343,1925.5
891,Japan,1930,13.3,0.26451904761903305,1935.5
892,Japan,1940,13.42,0.2335714285714083,1945.5
893,Japan,1950,13.8,0.25525714285713047,1955.5
894,Japan,1960,13.65,0.2455047619047538,1965.5
895,Japan,1970,13.67,0.232242857142836,1975.5
896,Japan,1980,13.7,0.23162857142855184,1985.5
897,Japan,1990,14.12,0.21269047619044495,1995.5
898,Japan,2000,14.31,0.22155714285711778,2005.5
899,Japan,2010,14.19,0.31092640692640927,2011.909090909091
900,Jordan,1900,18.14,0.4891666666666666,1905.5
901,Jordan,1910,18.08,0.5366666666666665,1915.5
902,Jordan,1920,18.58,0.44166666666666665,1925.5
903,Jordan,1930,18.72,0.4349999999999996,1935.5
904,Jordan,1940,18.49,0.4299999999999998,1945.5
905,Jordan,1950,18.79,0.3683333333333332,1955.5
906,Jordan,1960,18.78,0.3624999999999999,1965.5
907,Jordan,1970,18.57,0.3041666666666669,1975.5
908,Jordan,1980,18.62,0.29333333333333333,1985.5
909,Jordan,1990,18.98,0.3400000000000001,1995.5
910,Jordan,2000,19.59,0.2949999999999999,2005.5
911,Jordan,2010,19.46,0.5303030303030303,2011.909090909091
912,Kazakhstan,1900,3.91,0.9053333333333299,1905.5
913,Kazakhstan,1910,4.18,0.9796111111111113,1915.5
914,Kazakhstan,1920,4.33,0.8529444444444421,1925.5
915,Kazakhstan,1930,4.21,0.6398888888888906,1935.5
916,Kazakhstan,1940,4.25,0.5669444444444455,1945.5
917,Kazakhstan,1950,4.15,0.5736666666666649,1955.5
918,Kazakhstan,1960,4.79,0.49172222222222245,1965.5
919,Kazakhstan,1970,4.81,0.41055555555555473,1975.5
920,Kazakhstan,1980,5.3,0.40027777777777485,1985.5
921,Kazakhstan,1990,5.36,0.41944444444444356,1995.5
922,Kazakhstan,2000,5.98,0.41266666666666685,2005.5
923,Kazakhstan,2010,5.72,0.611919191919192,2011.909090909091
924,Kenya,1900,19.94,0.8594444444444447,1905.5
925,Kenya,1910,20.02,0.6799999999999989,1915.5
926,Kenya,1920,20.02,0.6569444444444444,1925.5
927,Kenya,1930,20.28,0.3772222222222231,1935.5
928,Kenya,1940,20.29,0.3538888888888907,1945.5
929,Kenya,1950,20.29,0.3751388888888902,1955.5
930,Kenya,1960,20.19,0.36041666666666794,1965.5
931,Kenya,1970,20.37,0.37597222222222365,1975.5
932,Kenya,1980,20.59,0.3827777777777784,1985.5
933,Kenya,1990,20.68,0.372361111111111,1995.5
934,Kenya,2000,20.98,0.363055555555557,2005.5
935,Kenya,2010,21.06,0.4873737373737375,2011.909090909091
936,Laos,1900,24.0,0.6450000000000002,1905.5
937,Laos,1910,24.01,0.5699999999999998,1915.5
938,Laos,1920,24.11,0.6258333333333334,1925.5
939,Laos,1930,24.21,0.43833333333333324,1935.5
940,Laos,1940,24.49,0.7775000000000003,1945.5
941,Laos,1950,24.47,0.46083333333333304,1955.5
942,Laos,1960,24.46,0.35250000000000004,1965.5
943,Laos,1970,24.39,0.34249999999999997,1975.5
944,Laos,1980,24.41,0.3299999999999999,1985.5
945,Laos,1990,24.55,0.2608333333333332,1995.5
946,Laos,2000,24.79,0.34083333333333327,2005.5
947,Laos,2010,25.12,0.506060606060606,2011.909090909091
948,Latvia,1900,5.26,0.4516666666666667,1905.5
949,Latvia,1910,5.41,0.46708333333333324,1915.5
950,Latvia,1920,5.3,0.3612499999999997,1925.5
951,Latvia,1930,5.86,0.3429166666666663,1935.5
952,Latvia,1940,5.47,0.35499999999999976,1945.5
953,Latvia,1950,5.49,0.3458333333333333,1955.5
954,Latvia,1960,5.29,0.3024999999999998,1965.5
955,Latvia,1970,5.74,0.2541666666666665,1975.5
956,Latvia,1980,6.01,0.26249999999999996,1985.5
957,Latvia,1990,6.42,0.23249999999999998,1995.5
958,Latvia,2000,6.73,0.2466666666666666,2005.5
959,Latvia,2010,6.87,0.3212121212121212,2011.909090909091
960,Lebanon,1900,18.51,0.5113888888888892,1905.5
961,Lebanon,1910,18.47,0.525555555555556,1915.5
962,Lebanon,1920,18.96,0.3922222222222225,1925.5
963,Lebanon,1930,19.06,0.4050000000000009,1935.5
964,Lebanon,1940,18.88,0.38277777777777805,1945.5
965,Lebanon,1950,19.13,0.3583333333333335,1955.5
966,Lebanon,1960,19.16,0.37083333333333335,1965.5
967,Lebanon,1970,18.94,0.3158333333333336,1975.5
968,Lebanon,1980,18.99,0.2944444444444445,1985.5
969,Lebanon,1990,19.3,0.3161111111111112,1995.5
970,Lebanon,2000,19.92,0.2833333333333335,2005.5
971,Lebanon,2010,19.8,0.5020202020202019,2011.909090909091
972,Lesotho,1900,13.51,0.7533333333333333,1905.5
973,Lesotho,1910,13.82,0.6300000000000002,1915.5
974,Lesotho,1920,13.91,0.5991666666666667,1925.5
975,Lesotho,1930,14.09,0.639166666666667,1935.5
976,Lesotho,1940,14.24,0.4783333333333331,1945.5
977,Lesotho,1950,13.98,0.4466666666666664,1955.5
978,Lesotho,1960,14.35,0.3316666666666665,1965.5
979,Lesotho,1970,14.18,0.3433333333333334,1975.5
980,Lesotho,1980,14.58,0.3358333333333333,1985.5
981,Lesotho,1990,14.63,0.3149999999999998,1995.5
982,Lesotho,2000,14.78,0.39416666666666633,2005.5
983,Lesotho,2010,14.35,0.4515151515151514,2011.909090909091
984,Liberia,1900,25.34,0.8466666666666669,1905.5
985,Liberia,1910,25.63,0.8958333333333334,1915.5
986,Liberia,1920,25.61,0.7666666666666665,1925.5
987,Liberia,1930,25.76,0.5691666666666666,1935.5
988,Liberia,1940,25.81,0.36083333333333323,1945.5
989,Liberia,1950,25.73,0.3458333333333331,1955.5
990,Liberia,1960,25.83,0.3458333333333332,1965.5
991,Liberia,1970,25.91,0.34249999999999997,1975.5
992,Liberia,1980,26.09,0.3633333333333332,1985.5
993,Liberia,1990,26.24,0.4458333333333329,1995.5
994,Liberia,2000,26.62,0.5666666666666664,2005.5
995,Liberia,2010,26.46,0.6575757575757577,2011.909090909091
996,Libya,1900,19.53,0.6911666666666664,1905.5
997,Libya,1910,19.85,0.8523333333333334,1915.5
998,Libya,1920,20.05,0.84775,1925.5
999,Libya,1930,20.18,0.642999999999999,1935.5
1000,Libya,1940,20.13,0.6729999999999994,1945.5
1001,Libya,1950,20.13,0.5400833333333315,1955.5
1002,Libya,1960,20.07,0.4474166666666658,1965.5
1003,Libya,1970,19.96,0.4678333333333316,1975.5
1004,Libya,1980,20.28,0.45958333333333184,1985.5
1005,Libya,1990,20.59,0.44091666666666574,1995.5
1006,Libya,2000,21.06,0.44824999999999876,2005.5
1007,Libya,2010,20.95,0.6287878787878792,2011.909090909091
1008,Lithuania,1900,5.95,0.43366666666666825,1905.5
1009,Lithuania,1910,6.19,0.4558333333333341,1915.5
1010,Lithuania,1920,5.97,0.3716666666666682,1925.5
1011,Lithuania,1930,6.5,0.3630000000000013,1935.5
1012,Lithuania,1940,6.21,0.3761666666666678,1945.5
1013,Lithuania,1950,6.22,0.37333333333333396,1955.5
1014,Lithuania,1960,6.01,0.3393333333333344,1965.5
1015,Lithuania,1970,6.44,0.27399999999999963,1975.5
1016,Lithuania,1980,6.72,0.26216666666666655,1985.5
1017,Lithuania,1990,7.12,0.22766666666666646,1995.5
1018,Lithuania,2000,7.42,0.2454999999999997,2005.5
1019,Lithuania,2010,7.45,0.3145454545454543,2011.909090909091
1020,Macedonia,1900,9.41,0.6241666666666671,1905.5
1021,Macedonia,1910,9.52,0.5508333333333333,1915.5
1022,Macedonia,1920,9.82,0.5233333333333334,1925.5
1023,Macedonia,1930,9.68,0.5658333333333335,1935.5
1024,Macedonia,1940,9.78,0.5275000000000006,1945.5
1025,Macedonia,1950,9.9,0.5258333333333334,1955.5
1026,Macedonia,1960,9.82,0.4074999999999999,1965.5
1027,Macedonia,1970,9.56,0.38416666666666666,1975.5
1028,Macedonia,1980,9.82,0.3683333333333332,1985.5
1029,Macedonia,1990,10.18,0.3533333333333332,1995.5
1030,Macedonia,2000,10.57,0.33666666666666667,2005.5
1031,Macedonia,2010,11.07,0.49696969696969706,2011.909090909091
1032,Madagascar,1900,21.86,1.0462500000000003,1905.5
1033,Madagascar,1910,21.82,0.8423611111111116,1915.5
1034,Madagascar,1920,21.89,0.7338888888888894,1925.5
1035,Madagascar,1930,22.1,0.6520833333333329,1935.5
1036,Madagascar,1940,22.1,0.4441666666666666,1945.5
1037,Madagascar,1950,22.12,0.4366666666666661,1955.5
1038,Madagascar,1960,22.23,0.4329166666666672,1965.5
1039,Madagascar,1970,22.22,0.37333333333333435,1975.5
1040,Madagascar,1980,22.37,0.36444444444444557,1985.5
1041,Madagascar,1990,22.78,0.4713888888888885,1995.5
1042,Madagascar,2000,22.93,0.4727777777777777,2005.5
1043,Madagascar,2010,22.81,0.564646464646465,2011.909090909091
1044,Malawi,1900,21.02,0.8320833333333333,1905.5
1045,Malawi,1910,21.22,0.7679166666666665,1915.5
1046,Malawi,1920,21.24,0.5624999999999998,1925.5
1047,Malawi,1930,21.16,0.47749999999999965,1935.5
1048,Malawi,1940,21.35,0.4683333333333333,1945.5
1049,Malawi,1950,21.42,0.3758333333333334,1955.5
1050,Malawi,1960,21.36,0.32333333333333303,1965.5
1051,Malawi,1970,21.41,0.3383333333333332,1975.5
1052,Malawi,1980,21.71,0.32874999999999993,1985.5
1053,Malawi,1990,21.95,0.3745833333333332,1995.5
1054,Malawi,2000,22.1,0.46,2005.5
1055,Malawi,2010,21.77,0.7075757575757576,2011.909090909091
1056,Malaysia,1900,26.11,0.6078125000000019,1905.5
1057,Malaysia,1910,26.21,0.5597135416666659,1915.5
1058,Malaysia,1920,26.31,0.45114583333333513,1925.5
1059,Malaysia,1930,26.49,0.3275,1935.5
1060,Malaysia,1940,26.67,0.5061718750000004,1945.5
1061,Malaysia,1950,26.7,0.31007812499999793,1955.5
1062,Malaysia,1960,26.68,0.2739583333333332,1965.5
1063,Malaysia,1970,26.72,0.2814322916666669,1975.5
1064,Malaysia,1980,26.86,0.2644270833333339,1985.5
1065,Malaysia,1990,27.0,0.23093750000000413,1995.5
1066,Malaysia,2000,27.21,0.26111979166666727,2005.5
1067,Malaysia,2010,27.28,0.3060606060606065,2011.909090909091
1068,Mali,1900,27.16,1.0030555555555558,1905.5
1069,Mali,1910,27.54,0.9450000000000003,1915.5
1070,Mali,1920,27.64,0.8597222222222214,1925.5
1071,Mali,1930,27.66,0.8286111111111113,1935.5
1072,Mali,1940,27.74,0.5275000000000004,1945.5
1073,Mali,1950,27.6,0.36833333333333385,1955.5
1074,Mali,1960,27.71,0.3922222222222225,1965.5
1075,Mali,1970,27.81,0.38750000000000023,1975.5
1076,Mali,1980,28.04,0.4175000000000004,1985.5
1077,Mali,1990,28.06,0.4291666666666672,1995.5
1078,Mali,2000,28.55,0.48666666666666736,2005.5
1079,Mali,2010,28.42,0.5919191919191918,2011.909090909091
1080,Mauritania,1900,26.64,0.7658333333333333,1905.5
1081,Mauritania,1910,26.82,0.9141666666666669,1915.5
1082,Mauritania,1920,27.07,0.8366666666666664,1925.5
1083,Mauritania,1930,26.93,0.8366666666666668,1935.5
1084,Mauritania,1940,27.01,0.5341666666666662,1945.5
1085,Mauritania,1950,26.87,0.4466666666666662,1955.5
1086,Mauritania,1960,27.14,0.44583333333333297,1965.5
1087,Mauritania,1970,27.1,0.4666666666666664,1975.5
1088,Mauritania,1980,27.47,0.6375,1985.5
1089,Mauritania,1990,27.68,0.5724999999999999,1995.5
1090,Mauritania,2000,27.98,0.7408333333333333,2005.5
1091,Mauritania,2010,27.93,0.8000000000000002,2011.909090909091
1092,Mauritius,1900,23.16,1.1591666666666662,1905.5
1093,Mauritius,1910,23.24,0.8949999999999997,1915.5
1094,Mauritius,1920,23.29,0.8374999999999997,1925.5
1095,Mauritius,1930,23.51,0.7791666666666662,1935.5
1096,Mauritius,1940,23.55,0.7399999999999998,1945.5
1097,Mauritius,1950,23.56,0.39249999999999985,1955.5
1098,Mauritius,1960,23.54,0.34416666666666657,1965.5
1099,Mauritius,1970,23.73,0.3491666666666663,1975.5
1100,Mauritius,1980,23.83,0.3624999999999998,1985.5
1101,Mauritius,1990,24.06,0.3658333333333332,1995.5
1102,Mauritius,2000,24.39,0.3291666666666665,2005.5
1103,Mauritius,2010,24.41,0.38787878787878793,2011.909090909091
1104,Mexico,1900,19.78,0.7791323024055004,1905.5
1105,Mexico,1910,19.84,0.7588745704467372,1915.5
1106,Mexico,1920,20.16,0.5435309278350493,1925.5
1107,Mexico,1930,20.17,0.4759707903780115,1935.5
1108,Mexico,1940,20.47,0.440584192439869,1945.5
1109,Mexico,1950,20.36,0.405876288659808,1955.5
1110,Mexico,1960,20.19,0.3705841924398843,1965.5
1111,Mexico,1970,20.17,0.3824484536082668,1975.5
1112,Mexico,1980,20.24,0.38448453608248867,1985.5
1113,Mexico,1990,20.6,0.37892611683850314,1995.5
1114,Mexico,2000,20.66,0.38968213058420414,2005.5
1115,Mexico,2010,21.18,0.48291159012808543,2011.909090909091
1116,Moldova,1900,8.52,0.5297222222222236,1905.5
1117,Moldova,1910,8.58,0.5147222222222231,1915.5
1118,Moldova,1920,8.74,0.46749999999999997,1925.5
1119,Moldova,1930,8.72,0.41555555555555607,1935.5
1120,Moldova,1940,8.57,0.4672222222222228,1945.5
1121,Moldova,1950,8.9,0.3880555555555562,1955.5
1122,Moldova,1960,8.99,0.35305555555555534,1965.5
1123,Moldova,1970,8.86,0.34555555555555545,1975.5
1124,Moldova,1980,9.1,0.3066666666666668,1985.5
1125,Moldova,1990,9.36,0.3011111111111113,1995.5
1126,Moldova,2000,10.0,0.3441666666666667,2005.5
1127,Moldova,2010,10.44,0.41010101010101013,2011.909090909091
1128,Mongolia,1900,-3.83,1.3283333333333338,1905.5
1129,Mongolia,1910,-3.68,1.0583333333333331,1915.5
1130,Mongolia,1920,-3.49,1.0033333333333332,1925.5
1131,Mongolia,1930,-3.51,0.9591666666666668,1935.5
1132,Mongolia,1940,-3.22,0.6233333333333335,1945.5
1133,Mongolia,1950,-3.57,0.5916666666666666,1955.5
1134,Mongolia,1960,-3.13,0.5299999999999999,1965.5
1135,Mongolia,1970,-2.96,0.495833333333333,1975.5
1136,Mongolia,1980,-2.64,0.45749999999999996,1985.5
1137,Mongolia,1990,-1.97,0.4999999999999999,1995.5
1138,Mongolia,2000,-1.73,0.656666666666667,2005.5
1139,Mongolia,2010,-2.24,0.6151515151515151,2011.909090909091
1140,Montenegro,1900,10.0,0.6058333333333331,1905.5
1141,Montenegro,1910,10.13,0.5425,1915.5
1142,Montenegro,1920,10.47,0.5424999999999999,1925.5
1143,Montenegro,1930,10.29,0.5374999999999995,1935.5
1144,Montenegro,1940,10.51,0.49416666666666664,1945.5
1145,Montenegro,1950,10.56,0.43249999999999994,1955.5
1146,Montenegro,1960,10.43,0.37666666666666626,1965.5
1147,Montenegro,1970,10.18,0.3358333333333332,1975.5
1148,Montenegro,1980,10.54,0.34666666666666646,1985.5
1149,Montenegro,1990,10.87,0.35666666666666635,1995.5
1150,Montenegro,2000,11.14,0.3341666666666666,2005.5
1151,Montenegro,2010,11.76,0.5151515151515151,2011.909090909091
1152,Morocco,1900,17.01,0.7049166666666667,1905.5
1153,Morocco,1910,17.02,0.6661666666666676,1915.5
1154,Morocco,1920,17.37,0.6229166666666657,1925.5
1155,Morocco,1930,17.24,0.5509166666666656,1935.5
1156,Morocco,1940,17.67,0.5084166666666633,1945.5
1157,Morocco,1950,17.43,0.4324166666666659,1955.5
1158,Morocco,1960,17.55,0.5052499999999985,1965.5
1159,Morocco,1970,17.11,0.46716666666666534,1975.5
1160,Morocco,1980,17.88,0.4115833333333333,1985.5
1161,Morocco,1990,17.96,0.3589999999999991,1995.5
1162,Morocco,2000,18.38,0.4100833333333325,2005.5
1163,Morocco,2010,18.5,0.6200000000000011,2011.909090909091
1164,Mozambique,1900,23.15,0.8232638888888892,1905.5
1165,Mozambique,1910,23.33,0.7187500000000007,1915.5
1166,Mozambique,1920,23.37,0.5521527777777747,1925.5
1167,Mozambique,1930,23.37,0.4720138888888862,1935.5
1168,Mozambique,1940,23.57,0.4161111111111091,1945.5
1169,Mozambique,1950,23.57,0.38458333333333244,1955.5
1170,Mozambique,1960,23.62,0.3420833333333334,1965.5
1171,Mozambique,1970,23.58,0.33215277777777774,1975.5
1172,Mozambique,1980,23.9,0.3421527777777775,1985.5
1173,Mozambique,1990,24.18,0.3675000000000001,1995.5
1174,Mozambique,2000,24.25,0.45215277777777624,2005.5
1175,Mozambique,2010,23.96,0.5911616161616166,2011.909090909091
1176,Namibia,1900,19.13,1.1033333333333333,1905.5
1177,Namibia,1910,19.46,1.1191666666666669,1915.5
1178,Namibia,1920,19.84,1.293333333333334,1925.5
1179,Namibia,1930,19.48,1.1766666666666663,1935.5
1180,Namibia,1940,19.9,0.9825,1945.5
1181,Namibia,1950,19.62,0.7983333333333333,1955.5
1182,Namibia,1960,19.83,0.7733333333333333,1965.5
1183,Namibia,1970,19.65,0.6066666666666666,1975.5
1184,Namibia,1980,20.19,0.7883333333333334,1985.5
1185,Namibia,1990,20.31,0.7916666666666664,1995.5
1186,Namibia,2000,20.47,1.0149999999999995,2005.5
1187,Namibia,2010,19.95,1.3818181818181816,2011.909090909091
1188,Nepal,1900,18.04,0.5569047619047622,1905.5
1189,Nepal,1910,17.91,0.6270238095238095,1915.5
1190,Nepal,1920,18.12,0.5510714285714283,1925.5
1191,Nepal,1930,18.11,0.4844047619047622,1935.5
1192,Nepal,1940,18.29,0.4136904761904758,1945.5
1193,Nepal,1950,18.54,0.5167857142857141,1955.5
1194,Nepal,1960,18.28,0.5076190476190473,1965.5
1195,Nepal,1970,18.33,0.4857142857142853,1975.5
1196,Nepal,1980,18.41,0.5342857142857143,1985.5
1197,Nepal,1990,18.59,0.4552380952380949,1995.5
1198,Nepal,2000,18.97,0.4730952380952386,2005.5
1199,Nepal,2010,18.8,0.5493506493506494,2011.909090909091
1200,Netherlands,1900,8.85,0.4274999999999981,1905.5
1201,Netherlands,1910,9.15,0.3554861111111057,1915.5
1202,Netherlands,1920,9.07,0.31850694444443844,1925.5
1203,Netherlands,1930,9.34,0.32732638888888266,1935.5
1204,Netherlands,1940,9.39,0.29072916666666593,1945.5
1205,Netherlands,1950,9.31,0.2869444444444423,1955.5
1206,Netherlands,1960,9.03,0.27034722222222174,1965.5
1207,Netherlands,1970,9.32,0.2592708333333337,1975.5
1208,Netherlands,1980,9.55,0.23229166666666934,1985.5
1209,Netherlands,1990,9.96,0.2177083333333358,1995.5
1210,Netherlands,2000,10.32,0.21916666666666892,2005.5
1211,Netherlands,2010,10.17,0.22613636363636289,2011.909090909091
1212,New Zealand,1900,12.39,0.7750000000000025,1905.5
1213,New Zealand,1910,12.67,0.8062962962962958,1915.5
1214,New Zealand,1920,12.77,0.684074074074075,1925.5
1215,New Zealand,1930,12.86,0.5427777777777759,1935.5
1216,New Zealand,1940,12.93,0.4452777777777769,1945.5
1217,New Zealand,1950,13.17,0.41805555555555485,1955.5
1218,New Zealand,1960,13.08,0.40037037037037027,1965.5
1219,New Zealand,1970,13.26,0.3746296296296307,1975.5
1220,New Zealand,1980,13.44,0.3486111111111113,1985.5
1221,New Zealand,1990,13.33,0.33574074074074023,1995.5
1222,New Zealand,2000,13.52,0.2932407407407407,2005.5
1223,New Zealand,2010,13.55,0.4138047138047141,2011.909090909091
1224,Nicaragua,1900,26.34,0.9579166666666661,1905.5
1225,Nicaragua,1910,26.69,0.6658333333333336,1915.5
1226,Nicaragua,1920,26.92,0.6174999999999996,1925.5
1227,Nicaragua,1930,26.88,0.6295833333333329,1935.5
1228,Nicaragua,1940,27.02,0.5862500000000003,1945.5
1229,Nicaragua,1950,27.12,0.5508333333333337,1955.5
1230,Nicaragua,1960,26.94,0.5433333333333341,1965.5
1231,Nicaragua,1970,27.09,0.3675000000000003,1975.5
1232,Nicaragua,1980,27.3,0.4262500000000007,1985.5
1233,Nicaragua,1990,27.63,0.441666666666668,1995.5
1234,Nicaragua,2000,27.58,0.3933333333333338,2005.5
1235,Nicaragua,2010,27.52,0.5424242424242423,2011.909090909091
1236,Niger,1900,27.48,1.184444444444444,1905.5
1237,Niger,1910,28.07,0.8616666666666671,1915.5
1238,Niger,1920,28.28,0.9463888888888885,1925.5
1239,Niger,1930,28.46,0.9822222222222228,1935.5
1240,Niger,1940,28.31,0.5019444444444451,1945.5
1241,Niger,1950,28.04,0.3811111111111113,1955.5
1242,Niger,1960,28.13,0.4172222222222226,1965.5
1243,Niger,1970,28.31,0.3686111111111114,1975.5
1244,Niger,1980,28.43,0.39111111111111135,1985.5
1245,Niger,1990,28.54,0.4083333333333337,1995.5
1246,Niger,2000,29.06,0.5475000000000003,2005.5
1247,Niger,2010,29.21,0.5595959595959593,2011.909090909091
1248,Nigeria,1900,26.01,0.9884249084249105,1905.5
1249,Nigeria,1910,26.52,0.7757967032967066,1915.5
1250,Nigeria,1920,26.72,0.7528571428571379,1925.5
1251,Nigeria,1930,26.85,0.6604945054945051,1935.5
1252,Nigeria,1940,26.88,0.4273717948718045,1945.5
1253,Nigeria,1950,26.58,0.33391025641026817,1955.5
1254,Nigeria,1960,26.66,0.36831501831503544,1965.5
1255,Nigeria,1970,26.73,0.3793589743589849,1975.5
1256,Nigeria,1980,26.86,0.38043040293043734,1985.5
1257,Nigeria,1990,26.96,0.4071520146520286,1995.5
1258,Nigeria,2000,27.42,0.48814102564103146,2005.5
1259,Nigeria,2010,27.4,0.6484848484848469,2011.909090909091
1260,Norway,1900,3.52,0.5670833333333345,1905.5
1261,Norway,1910,3.67,0.5347916666666676,1915.5
1262,Norway,1920,3.55,0.501875000000001,1925.5
1263,Norway,1930,4.16,0.501250000000001,1935.5
1264,Norway,1940,3.94,0.4785416666666676,1945.5
1265,Norway,1950,3.79,0.43000000000000116,1955.5
1266,Norway,1960,3.5,0.4193750000000008,1965.5
1267,Norway,1970,3.92,0.41125000000000117,1975.5
1268,Norway,1980,4.04,0.42312500000000147,1985.5
1269,Norway,1990,4.43,0.4214583333333345,1995.5
1270,Norway,2000,4.77,0.41645833333333465,2005.5
1271,Norway,2010,4.67,0.39848484848484805,2011.909090909091
1272,Oman,1900,25.2,1.0575,1905.5
1273,Oman,1910,25.24,1.0108333333333337,1915.5
1274,Oman,1920,25.41,0.9591666666666666,1925.5
1275,Oman,1930,25.28,1.0258333333333334,1935.5
1276,Oman,1940,25.53,0.8383333333333334,1945.5
1277,Oman,1950,25.53,0.7916666666666669,1955.5
1278,Oman,1960,25.62,0.986666666666667,1965.5
1279,Oman,1970,25.64,1.1933333333333336,1975.5
1280,Oman,1980,25.63,1.0416666666666674,1985.5
1281,Oman,1990,26.12,0.9183333333333334,1995.5
1282,Oman,2000,26.63,0.7508333333333336,2005.5
1283,Oman,2010,26.65,1.1393939393939394,2011.909090909091
1284,Pakistan,1900,23.68,0.6471610169491522,1905.5
1285,Pakistan,1910,23.74,0.6222598870056545,1915.5
1286,Pakistan,1920,23.76,0.5873728813559407,1925.5
1287,Pakistan,1930,23.86,0.37252824858757716,1935.5
1288,Pakistan,1940,24.16,0.3546186440678034,1945.5
1289,Pakistan,1950,24.15,0.37001412429379305,1955.5
1290,Pakistan,1960,23.95,0.3589548022598952,1965.5
1291,Pakistan,1970,24.03,0.40121468926554593,1975.5
1292,Pakistan,1980,24.38,0.42829096045199144,1985.5
1293,Pakistan,1990,24.56,0.45255649717515356,1995.5
1294,Pakistan,2000,25.02,0.43679378531075125,2005.5
1295,Pakistan,2010,24.99,0.45238828967641986,2011.909090909091
1296,Panama,1900,26.28,0.8483333333333332,1905.5
1297,Panama,1910,26.57,0.7716666666666667,1915.5
1298,Panama,1920,26.74,0.6150000000000005,1925.5
1299,Panama,1930,26.79,0.5433333333333334,1935.5
1300,Panama,1940,26.84,0.4374999999999997,1945.5
1301,Panama,1950,26.96,0.2991666666666666,1955.5
1302,Panama,1960,26.91,0.4274999999999998,1965.5
1303,Panama,1970,26.9,0.44999999999999996,1975.5
1304,Panama,1980,27.2,0.39999999999999986,1985.5
1305,Panama,1990,27.45,0.41750000000000004,1995.5
1306,Panama,2000,27.51,0.3991666666666666,2005.5
1307,Panama,2010,27.41,0.4727272727272727,2011.909090909091
1308,Papua New Guinea,1900,24.53,0.658333333333334,1905.5
1309,Papua New Guinea,1910,24.65,0.5283333333333333,1915.5
1310,Papua New Guinea,1920,24.65,0.5049999999999996,1925.5
1311,Papua New Guinea,1930,24.8,0.49083333333333284,1935.5
1312,Papua New Guinea,1940,24.9,0.5724999999999998,1945.5
1313,Papua New Guinea,1950,24.94,0.46916666666666645,1955.5
1314,Papua New Guinea,1960,24.84,0.39083333333333337,1965.5
1315,Papua New Guinea,1970,24.98,0.4558333333333332,1975.5
1316,Papua New Guinea,1980,25.32,0.40749999999999975,1985.5
1317,Papua New Guinea,1990,25.3,0.40333333333333315,1995.5
1318,Papua New Guinea,2000,25.34,0.4775,2005.5
1319,Papua New Guinea,2010,25.23,0.6212121212121212,2011.909090909091
1320,Paraguay,1900,22.56,0.8181666666666659,1905.5
1321,Paraguay,1910,22.67,0.8615000000000002,1915.5
1322,Paraguay,1920,22.83,0.7503333333333329,1925.5
1323,Paraguay,1930,22.9,0.4560000000000013,1935.5
1324,Paraguay,1940,22.93,0.3586666666666673,1945.5
1325,Paraguay,1950,22.85,0.3661666666666682,1955.5
1326,Paraguay,1960,23.13,0.39816666666666767,1965.5
1327,Paraguay,1970,23.08,0.32250000000000073,1975.5
1328,Paraguay,1980,23.18,0.2846666666666669,1985.5
1329,Paraguay,1990,23.32,0.29583333333333356,1995.5
1330,Paraguay,2000,23.66,0.39733333333333404,2005.5
1331,Paraguay,2010,23.49,0.3890909090909086,2011.909090909091
1332,Peru,1900,16.31,1.1382575757575684,1905.5
1333,Peru,1910,16.5,1.0159469696969692,1915.5
1334,Peru,1920,16.55,0.8768560606060627,1925.5
1335,Peru,1930,16.74,0.6362500000000003,1935.5
1336,Peru,1940,16.82,0.6019318181818185,1945.5
1337,Peru,1950,16.83,0.5582954545454545,1955.5
1338,Peru,1960,16.87,0.492499999999997,1965.5
1339,Peru,1970,16.92,0.5016287878787863,1975.5
1340,Peru,1980,17.12,0.5644696969696975,1985.5
1341,Peru,1990,17.41,0.5611363636363642,1995.5
1342,Peru,2000,17.23,0.6538257575757576,2005.5
1343,Peru,2010,17.18,0.6904958677685945,2011.909090909091
1344,Philippines,1900,26.17,0.6218974358974405,1905.5
1345,Philippines,1910,26.33,0.4350641025641208,1915.5
1346,Philippines,1920,26.34,0.38747435897437826,1925.5
1347,Philippines,1930,26.42,0.40035897435899265,1935.5
1348,Philippines,1940,26.64,0.6824102564102557,1945.5
1349,Philippines,1950,26.87,0.29387179487179826,1955.5
1350,Philippines,1960,26.84,0.3151923076923153,1965.5
1351,Philippines,1970,26.81,0.33933333333334315,1975.5
1352,Philippines,1980,27.02,0.3279358974359035,1985.5
1353,Philippines,1990,27.05,0.291192307692311,1995.5
1354,Philippines,2000,27.19,0.2794358974359,2005.5
1355,Philippines,2010,27.19,0.3646153846153807,2011.909090909091
1356,Poland,1900,7.45,0.42287280701754676,1905.5
1357,Poland,1910,7.74,0.4225657894736852,1915.5
1358,Poland,1920,7.6,0.43936403508772226,1925.5
1359,Poland,1930,7.87,0.4423684210526334,1935.5
1360,Poland,1940,7.83,0.4369956140350882,1945.5
1361,Poland,1950,7.79,0.5761622807017586,1955.5
1362,Poland,1960,7.63,0.5585087719298305,1965.5
1363,Poland,1970,7.93,0.45230263157895084,1975.5
1364,Poland,1980,8.28,0.42664473684210685,1985.5
1365,Poland,1990,8.56,0.28960526315789503,1995.5
1366,Poland,2000,8.86,0.28328947368421087,2005.5
1367,Poland,2010,9.09,0.33317384370015923,2011.909090909091
1368,Portugal,1900,14.55,0.738809523809523,1905.5
1369,Portugal,1910,14.54,0.697738095238094,1915.5
1370,Portugal,1920,14.82,0.5616666666666663,1925.5
1371,Portugal,1930,14.7,0.5044047619047617,1935.5
1372,Portugal,1940,15.19,0.38880952380952416,1945.5
1373,Portugal,1950,14.9,0.3766666666666674,1955.5
1374,Portugal,1960,14.97,0.35428571428571515,1965.5
1375,Portugal,1970,14.59,0.3240476190476205,1975.5
1376,Portugal,1980,15.34,0.3364285714285733,1985.5
1377,Portugal,1990,15.52,0.33797619047619076,1995.5
1378,Portugal,2000,15.66,0.30011904761904845,2005.5
1379,Portugal,2010,15.78,0.48441558441558463,2011.909090909091
1380,Puerto Rico,1900,25.04,0.4950000000000002,1905.5
1381,Puerto Rico,1910,25.05,0.4208333333333341,1915.5
1382,Puerto Rico,1920,25.15,0.37166666666666726,1925.5
1383,Puerto Rico,1930,25.25,0.31666666666666676,1935.5
1384,Puerto Rico,1940,25.38,0.26583333333333364,1945.5
1385,Puerto Rico,1950,25.58,0.2875000000000002,1955.5
1386,Puerto Rico,1960,25.51,0.27833333333333365,1965.5
1387,Puerto Rico,1970,25.46,0.2400000000000001,1975.5
1388,Puerto Rico,1980,25.72,0.24583333333333374,1985.5
1389,Puerto Rico,1990,25.94,0.2508333333333336,1995.5
1390,Puerto Rico,2000,26.25,0.25166666666666676,2005.5
1391,Puerto Rico,2010,26.2,0.3181818181818183,2011.909090909091
1392,Qatar,1900,26.61,0.8416666666666666,1905.5
1393,Qatar,1910,26.51,0.8399999999999995,1915.5
1394,Qatar,1920,26.78,0.8608333333333332,1925.5
1395,Qatar,1930,26.63,0.7566666666666672,1935.5
1396,Qatar,1940,26.9,0.7691666666666667,1945.5
1397,Qatar,1950,26.93,0.6241666666666668,1955.5
1398,Qatar,1960,26.99,0.650833333333333,1965.5
1399,Qatar,1970,27.03,0.5308333333333334,1975.5
1400,Qatar,1980,27.04,0.5774999999999998,1985.5
1401,Qatar,1990,27.49,0.3699999999999999,1995.5
1402,Qatar,2000,28.26,0.5183333333333331,2005.5
1403,Qatar,2010,28.46,0.6575757575757576,2011.909090909091
1404,Reunion,1900,22.96,1.1608333333333327,1905.5
1405,Reunion,1910,23.02,0.8766666666666664,1915.5
1406,Reunion,1920,23.07,0.8366666666666666,1925.5
1407,Reunion,1930,23.28,0.7724999999999999,1935.5
1408,Reunion,1940,23.32,0.7058333333333332,1945.5
1409,Reunion,1950,23.3,0.4866666666666663,1955.5
1410,Reunion,1960,23.33,0.41166666666666624,1965.5
1411,Reunion,1970,23.51,0.4066666666666659,1975.5
1412,Reunion,1980,23.58,0.42166666666666613,1985.5
1413,Reunion,1990,23.89,0.43249999999999944,1995.5
1414,Reunion,2000,24.13,0.4158333333333328,2005.5
1415,Reunion,2010,24.28,0.4181818181818183,2011.909090909091
1416,Romania,1900,8.71,0.5713333333333336,1905.5
1417,Romania,1910,8.84,0.5627999999999991,1915.5
1418,Romania,1920,9.03,0.5194333333333337,1925.5
1419,Romania,1930,8.91,0.5383000000000004,1935.5
1420,Romania,1940,8.92,0.5514666666666681,1945.5
1421,Romania,1950,9.17,0.46509999999999907,1955.5
1422,Romania,1960,9.18,0.38926666666666326,1965.5
1423,Romania,1970,9.06,0.35706666666666487,1975.5
1424,Romania,1980,9.26,0.3587333333333296,1985.5
1425,Romania,1990,9.52,0.3470333333333293,1995.5
1426,Romania,2000,10.06,0.3645333333333286,2005.5
1427,Romania,2010,10.51,0.4286060606060607,2011.909090909091
1428,Russia,1900,2.95,0.7144551282051073,1905.5
1429,Russia,1910,2.89,0.6605021367521078,1915.5
1430,Russia,1920,3.07,0.5815865384615035,1925.5
1431,Russia,1930,3.38,0.4684829059828915,1935.5
1432,Russia,1940,3.03,0.4120673076922999,1945.5
1433,Russia,1950,3.19,0.4114583333333231,1955.5
1434,Russia,1960,3.33,0.3559455128205076,1965.5
1435,Russia,1970,3.51,0.3206623931623842,1975.5
1436,Russia,1980,3.91,0.3101709401709367,1985.5
1437,Russia,1990,4.14,0.30824252136751235,1995.5
1438,Russia,2000,4.71,0.31596153846153036,2005.5
1439,Russia,2010,4.83,0.5014957264957318,2011.909090909091
1440,Rwanda,1900,18.77,0.9991666666666666,1905.5
1441,Rwanda,1910,18.93,0.9933333333333333,1915.5
1442,Rwanda,1920,18.95,0.8883333333333333,1925.5
1443,Rwanda,1930,19.1,0.5108333333333333,1935.5
1444,Rwanda,1940,19.19,0.4249999999999997,1945.5
1445,Rwanda,1950,19.08,0.3424999999999999,1955.5
1446,Rwanda,1960,19.02,0.48999999999999994,1965.5
1447,Rwanda,1970,19.22,0.38083333333333313,1975.5
1448,Rwanda,1980,19.47,0.5441666666666668,1985.5
1449,Rwanda,1990,19.55,0.6199999999999997,1995.5
1450,Rwanda,2000,19.86,0.5833333333333331,2005.5
1451,Rwanda,2010,19.76,0.5787878787878789,2011.909090909091
1452,Saudi Arabia,1900,24.65,0.9391666666666662,1905.5
1453,Saudi Arabia,1910,24.6,0.8667857142857158,1915.5
1454,Saudi Arabia,1920,24.97,0.7623809523809526,1925.5
1455,Saudi Arabia,1930,24.92,0.7744047619047626,1935.5
1456,Saudi Arabia,1940,24.99,0.7157142857142849,1945.5
1457,Saudi Arabia,1950,25.15,0.9424999999999999,1955.5
1458,Saudi Arabia,1960,25.14,0.7235714285714282,1965.5
1459,Saudi Arabia,1970,25.12,0.6805952380952379,1975.5
1460,Saudi Arabia,1980,25.04,0.5420238095238097,1985.5
1461,Saudi Arabia,1990,25.47,0.4905952380952382,1995.5
1462,Saudi Arabia,2000,26.05,0.4505952380952377,2005.5
1463,Saudi Arabia,2010,26.36,0.6411255411255414,2011.909090909091
1464,Senegal,1900,25.58,0.7022916666666671,1905.5
1465,Senegal,1910,25.79,0.8320833333333326,1915.5
1466,Senegal,1920,25.96,0.6570833333333325,1925.5
1467,Senegal,1930,25.94,0.702604166666664,1935.5
1468,Senegal,1940,26.04,0.41072916666666626,1945.5
1469,Senegal,1950,25.86,0.35229166666666717,1955.5
1470,Senegal,1960,26.12,0.3911458333333336,1965.5
1471,Senegal,1970,26.09,0.3965625000000003,1975.5
1472,Senegal,1980,26.43,0.4505208333333334,1985.5
1473,Senegal,1990,26.64,0.4640625000000005,1995.5
1474,Senegal,2000,26.85,0.5537499999999989,2005.5
1475,Senegal,2010,26.69,0.5590909090909089,2011.909090909091
1476,Serbia,1900,9.73,0.552916666666666,1905.5
1477,Serbia,1910,9.81,0.5281944444444455,1915.5
1478,Serbia,1920,10.12,0.5081944444444446,1925.5
1479,Serbia,1930,9.96,0.5211111111111114,1935.5
1480,Serbia,1940,10.14,0.4854166666666659,1945.5
1481,Serbia,1950,10.21,0.47347222222222285,1955.5
1482,Serbia,1960,10.09,0.39638888888888996,1965.5
1483,Serbia,1970,9.94,0.3513888888888898,1975.5
1484,Serbia,1980,10.21,0.3509722222222236,1985.5
1485,Serbia,1990,10.54,0.33763888888889004,1995.5
1486,Serbia,2000,10.93,0.3225000000000008,2005.5
1487,Serbia,2010,11.46,0.45050505050505,2011.909090909091
1488,Sierra Leone,1900,25.32,0.8187499999999998,1905.5
1489,Sierra Leone,1910,25.56,0.879583333333333,1915.5
1490,Sierra Leone,1920,25.54,0.7412499999999996,1925.5
1491,Sierra Leone,1930,25.7,0.5958333333333332,1935.5
1492,Sierra Leone,1940,25.77,0.35999999999999976,1945.5
1493,Sierra Leone,1950,25.69,0.3470833333333333,1955.5
1494,Sierra Leone,1960,25.76,0.32874999999999976,1965.5
1495,Sierra Leone,1970,25.87,0.3466666666666664,1975.5
1496,Sierra Leone,1980,26.05,0.3775000000000001,1985.5
1497,Sierra Leone,1990,26.23,0.5033333333333334,1995.5
1498,Sierra Leone,2000,26.56,0.6141666666666675,2005.5
1499,Sierra Leone,2010,26.45,0.7136363636363637,2011.909090909091
1500,Singapore,1900,26.19,0.6249999999999999,1905.5
1501,Singapore,1910,26.35,0.5474999999999999,1915.5
1502,Singapore,1920,26.42,0.3941666666666663,1925.5
1503,Singapore,1930,26.6,0.32583333333333325,1935.5
1504,Singapore,1940,26.79,0.48416666666666636,1945.5
1505,Singapore,1950,26.81,0.3374999999999998,1955.5
1506,Singapore,1960,26.76,0.2966666666666666,1965.5
1507,Singapore,1970,26.8,0.29916666666666664,1975.5
1508,Singapore,1980,26.95,0.2791666666666666,1985.5
1509,Singapore,1990,27.14,0.25,1995.5
1510,Singapore,2000,27.33,0.26500000000000007,2005.5
1511,Singapore,2010,27.38,0.3121212121212122,2011.909090909091
1512,Slovakia,1900,8.43,0.4691666666666668,1905.5
1513,Slovakia,1910,8.59,0.47374999999999995,1915.5
1514,Slovakia,1920,8.7,0.44083333333333363,1925.5
1515,Slovakia,1930,8.71,0.43541666666666656,1935.5
1516,Slovakia,1940,8.86,0.4591666666666671,1945.5
1517,Slovakia,1950,8.89,0.39333333333333315,1955.5
1518,Slovakia,1960,8.73,0.3975000000000001,1965.5
1519,Slovakia,1970,8.89,0.32874999999999993,1975.5
1520,Slovakia,1980,9.09,0.3258333333333333,1985.5
1521,Slovakia,1990,9.45,0.3216666666666667,1995.5
1522,Slovakia,2000,9.83,0.3091666666666665,2005.5
1523,Slovakia,2010,10.29,0.3939393939393938,2011.909090909091
1524,Slovenia,1900,9.16,0.49249999999999966,1905.5
1525,Slovenia,1910,9.36,0.5033333333333331,1915.5
1526,Slovenia,1920,9.65,0.46249999999999986,1925.5
1527,Slovenia,1930,9.42,0.5008333333333331,1935.5
1528,Slovenia,1940,9.78,0.440833333333333,1945.5
1529,Slovenia,1950,9.65,0.41833333333333317,1955.5
1530,Slovenia,1960,9.47,0.35916666666666663,1965.5
1531,Slovenia,1970,9.55,0.3266666666666665,1975.5
1532,Slovenia,1980,9.87,0.32166666666666655,1985.5
1533,Slovenia,1990,10.38,0.3049999999999999,1995.5
1534,Slovenia,2000,10.65,0.3158333333333332,2005.5
1535,Slovenia,2010,11.19,0.3696969696969699,2011.909090909091
1536,Somalia,1900,26.1,1.0838333333333334,1905.5
1537,Somalia,1910,26.2,1.210500000000001,1915.5
1538,Somalia,1920,26.19,0.8998333333333322,1925.5
1539,Somalia,1930,26.35,0.7896666666666655,1935.5
1540,Somalia,1940,26.52,0.6591666666666676,1945.5
1541,Somalia,1950,26.49,0.670333333333333,1955.5
1542,Somalia,1960,26.34,0.6121666666666673,1965.5
1543,Somalia,1970,26.61,0.6933333333333327,1975.5
1544,Somalia,1980,26.72,0.6463333333333333,1985.5
1545,Somalia,1990,26.85,0.7479999999999992,1995.5
1546,Somalia,2000,27.25,0.7081666666666665,2005.5
1547,Somalia,2010,27.51,0.8193939393939395,2011.909090909091
1548,South Africa,1900,15.8,0.7692833333333329,1905.5
1549,South Africa,1910,16.17,0.7053000000000063,1915.5
1550,South Africa,1920,16.27,0.6143166666666767,1925.5
1551,South Africa,1930,16.39,0.5780166666666726,1935.5
1552,South Africa,1940,16.57,0.48761666666667164,1945.5
1553,South Africa,1950,16.32,0.43973333333334375,1955.5
1554,South Africa,1960,16.62,0.3218333333333374,1965.5
1555,South Africa,1970,16.51,0.3161833333333351,1975.5
1556,South Africa,1980,16.87,0.3237000000000033,1985.5
1557,South Africa,1990,16.98,0.3442666666666703,1995.5
1558,South Africa,2000,17.1,0.4270833333333438,2005.5
1559,South Africa,2010,16.79,0.571454545454543,2011.909090909091
1560,South Korea,1900,10.34,0.7075000000000006,1905.5
1561,South Korea,1910,10.36,0.4508333333333331,1915.5
1562,South Korea,1920,10.52,0.3491666666666665,1925.5
1563,South Korea,1930,10.7,0.38749999999999984,1935.5
1564,South Korea,1940,10.73,0.4741666666666665,1945.5
1565,South Korea,1950,10.92,0.3741666666666664,1955.5
1566,South Korea,1960,10.82,0.27499999999999986,1965.5
1567,South Korea,1970,10.97,0.2516666666666667,1975.5
1568,South Korea,1980,11.12,0.24916666666666673,1985.5
1569,South Korea,1990,11.65,0.23666666666666664,1995.5
1570,South Korea,2000,11.8,0.27500000000000013,2005.5
1571,South Korea,2010,11.41,0.3727272727272728,2011.909090909091
1572,Spain,1900,14.21,0.6040499999999981,1905.5
1573,Spain,1910,14.24,0.6415000000000047,1915.5
1574,Spain,1920,14.61,0.4966166666666768,1925.5
1575,Spain,1930,14.49,0.4647500000000097,1935.5
1576,Spain,1940,14.91,0.40358333333333946,1945.5
1577,Spain,1950,14.59,0.3465500000000048,1955.5
1578,Spain,1960,14.71,0.3447166666666691,1965.5
1579,Spain,1970,14.32,0.31643333333333534,1975.5
1580,Spain,1980,15.13,0.30998333333333566,1985.5
1581,Spain,1990,15.27,0.3148666666666707,1995.5
1582,Spain,2000,15.49,0.3090000000000015,2005.5
1583,Spain,2010,15.77,0.42539393939393705,2011.909090909091
1584,Sri Lanka,1900,26.65,0.4346296296296301,1905.5
1585,Sri Lanka,1910,26.78,0.39203703703703724,1915.5
1586,Sri Lanka,1920,26.74,0.31333333333333374,1925.5
1587,Sri Lanka,1930,26.8,0.27842592592592535,1935.5
1588,Sri Lanka,1940,26.89,0.27675925925925887,1945.5
1589,Sri Lanka,1950,26.9,0.32472222222222197,1955.5
1590,Sri Lanka,1960,26.96,0.2774074074074071,1965.5
1591,Sri Lanka,1970,27.01,0.27527777777777734,1975.5
1592,Sri Lanka,1980,27.25,0.38157407407407373,1985.5
1593,Sri Lanka,1990,27.3,0.3202777777777779,1995.5
1594,Sri Lanka,2000,27.45,0.3641666666666666,2005.5
1595,Sri Lanka,2010,27.66,0.4555555555555555,2011.909090909091
1596,Sudan,1900,27.79,1.2080000000000004,1905.5
1597,Sudan,1910,27.74,0.8605833333333344,1915.5
1598,Sudan,1920,27.98,0.688083333333331,1925.5
1599,Sudan,1930,28.21,0.6489166666666666,1935.5
1600,Sudan,1940,28.05,0.5363333333333318,1945.5
1601,Sudan,1950,28.07,0.46366666666666534,1955.5
1602,Sudan,1960,28.03,0.4438333333333323,1965.5
1603,Sudan,1970,28.2,0.4170833333333336,1975.5
1604,Sudan,1980,28.39,0.49149999999999827,1985.5
1605,Sudan,1990,28.39,0.7043333333333331,1995.5
1606,Sudan,2000,28.94,0.5714999999999989,2005.5
1607,Sudan,2010,29.05,0.9442424242424241,2011.909090909091
1608,Suriname,1900,26.14,0.6791666666666668,1905.5
1609,Suriname,1910,26.16,0.6316666666666669,1915.5
1610,Suriname,1920,26.22,0.5066666666666663,1925.5
1611,Suriname,1930,26.53,0.4366666666666663,1935.5
1612,Suriname,1940,26.52,0.453333333333333,1945.5
1613,Suriname,1950,26.72,0.3391666666666665,1955.5
1614,Suriname,1960,26.74,0.3066666666666666,1965.5
1615,Suriname,1970,26.63,0.26833333333333337,1975.5
1616,Suriname,1980,26.78,0.34999999999999987,1985.5
1617,Suriname,1990,27.09,0.2874999999999998,1995.5
1618,Suriname,2000,27.38,0.31833333333333325,2005.5
1619,Suriname,2010,27.35,0.37272727272727285,2011.909090909091
1620,Swaziland,1900,20.77,0.8875000000000003,1905.5
1621,Swaziland,1910,21.0,0.6633333333333334,1915.5
1622,Swaziland,1920,21.1,0.624166666666667,1925.5
1623,Swaziland,1930,21.1,0.5208333333333331,1935.5
1624,Swaziland,1940,21.4,0.4208333333333333,1945.5
1625,Swaziland,1950,21.2,0.44249999999999967,1955.5
1626,Swaziland,1960,21.41,0.3333333333333331,1965.5
1627,Swaziland,1970,21.35,0.32666666666666644,1975.5
1628,Swaziland,1980,21.68,0.3499999999999998,1985.5
1629,Swaziland,1990,21.87,0.3674999999999998,1995.5
1630,Swaziland,2000,21.95,0.4733333333333332,2005.5
1631,Swaziland,2010,21.7,0.6424242424242426,2011.909090909091
1632,Sweden,1900,5.54,0.4713333333333343,1905.5
1633,Sweden,1910,5.74,0.46183333333333393,1915.5
1634,Sweden,1920,5.6,0.4408333333333341,1925.5
1635,Sweden,1930,6.27,0.40500000000000164,1935.5
1636,Sweden,1940,5.92,0.4055000000000007,1945.5
1637,Sweden,1950,5.8,0.41733333333333417,1955.5
1638,Sweden,1960,5.49,0.3945000000000012,1965.5
1639,Sweden,1970,6.02,0.3693333333333341,1975.5
1640,Sweden,1980,6.07,0.34583333333333416,1985.5
1641,Sweden,1990,6.64,0.32016666666666727,1995.5
1642,Sweden,2000,6.88,0.313000000000001,2005.5
1643,Sweden,2010,6.9,0.3690909090909089,2011.909090909091
1644,Switzerland,1900,7.21,0.45266666666666755,1905.5
1645,Switzerland,1910,7.4,0.42233333333333517,1915.5
1646,Switzerland,1920,7.7,0.37716666666666815,1925.5
1647,Switzerland,1930,7.46,0.4141666666666676,1935.5
1648,Switzerland,1940,7.96,0.350000000000001,1945.5
1649,Switzerland,1950,7.71,0.3631666666666672,1955.5
1650,Switzerland,1960,7.58,0.33016666666666766,1965.5
1651,Switzerland,1970,7.63,0.3301666666666675,1975.5
1652,Switzerland,1980,8.06,0.2970000000000001,1985.5
1653,Switzerland,1990,8.49,0.29650000000000004,1995.5
1654,Switzerland,2000,8.65,0.26449999999999985,2005.5
1655,Switzerland,2010,8.92,0.33818181818181786,2011.909090909091
1656,Syria,1900,17.86,0.5861904761904753,1905.5
1657,Syria,1910,17.82,0.582380952380952,1915.5
1658,Syria,1920,18.31,0.45607142857142785,1925.5
1659,Syria,1930,18.39,0.4551190476190486,1935.5
1660,Syria,1940,18.19,0.4129761904761907,1945.5
1661,Syria,1950,18.49,0.3948809523809522,1955.5
1662,Syria,1960,18.52,0.35071428571428676,1965.5
1663,Syria,1970,18.31,0.3059523809523813,1975.5
1664,Syria,1980,18.36,0.2909523809523819,1985.5
1665,Syria,1990,18.65,0.33250000000000063,1995.5
1666,Syria,2000,19.25,0.3110714285714288,2005.5
1667,Syria,2010,19.24,0.5246753246753246,2011.909090909091
1668,Taiwan,1900,21.4,0.437666666666665,1905.5
1669,Taiwan,1910,21.44,0.39241666666666225,1915.5
1670,Taiwan,1920,21.46,0.34244444444444067,1925.5
1671,Taiwan,1930,21.67,0.2751666666666678,1935.5
1672,Taiwan,1940,21.94,0.2698055555555564,1945.5
1673,Taiwan,1950,22.06,0.2753611111111128,1955.5
1674,Taiwan,1960,21.93,0.2744722222222209,1965.5
1675,Taiwan,1970,22.0,0.26733333333333253,1975.5
1676,Taiwan,1980,21.96,0.22511111111111537,1985.5
1677,Taiwan,1990,22.33,0.23377777777778228,1995.5
1678,Taiwan,2000,22.62,0.2572777777777782,2005.5
1679,Taiwan,2010,22.28,0.4116161616161616,2011.909090909091
1680,Tajikistan,1900,8.37,0.6241666666666668,1905.5
1681,Tajikistan,1910,8.76,0.8541666666666662,1915.5
1682,Tajikistan,1920,8.53,0.7383333333333338,1925.5
1683,Tajikistan,1930,8.57,0.5787499999999999,1935.5
1684,Tajikistan,1940,8.98,0.5466666666666667,1945.5
1685,Tajikistan,1950,8.84,0.49958333333333355,1955.5
1686,Tajikistan,1960,9.15,0.45291666666666686,1965.5
1687,Tajikistan,1970,9.06,0.4770833333333334,1975.5
1688,Tajikistan,1980,9.49,0.39499999999999985,1985.5
1689,Tajikistan,1990,9.66,0.3745833333333334,1995.5
1690,Tajikistan,2000,10.23,0.3816666666666662,2005.5
1691,Tajikistan,2010,10.17,0.5424242424242424,2011.909090909091
1692,Tanzania,1900,22.33,0.7074479166666671,1905.5
1693,Tanzania,1910,22.43,0.6365104166666669,1915.5
1694,Tanzania,1920,22.46,0.6290104166666665,1925.5
1695,Tanzania,1930,22.61,0.4732812499999964,1935.5
1696,Tanzania,1940,22.67,0.3999999999999974,1945.5
1697,Tanzania,1950,22.69,0.41281249999999586,1955.5
1698,Tanzania,1960,22.61,0.3907291666666629,1965.5
1699,Tanzania,1970,22.7,0.40249999999999647,1975.5
1700,Tanzania,1980,22.98,0.4696874999999962,1985.5
1701,Tanzania,1990,23.14,0.45598958333332995,1995.5
1702,Tanzania,2000,23.41,0.39598958333332934,2005.5
1703,Tanzania,2010,23.38,0.4791666666666672,2011.909090909091
1704,Thailand,1900,26.55,0.6111507936507932,1905.5
1705,Thailand,1910,26.62,0.5625000000000002,1915.5
1706,Thailand,1920,26.62,0.5316269841269841,1925.5
1707,Thailand,1930,26.85,0.4155555555555505,1935.5
1708,Thailand,1940,27.02,0.5219047619047616,1945.5
1709,Thailand,1950,27.03,0.30996031746031527,1955.5
1710,Thailand,1960,27.04,0.29337301587301423,1965.5
1711,Thailand,1970,27.03,0.2728174603174602,1975.5
1712,Thailand,1980,27.06,0.26119047619047614,1985.5
1713,Thailand,1990,27.22,0.22936507936507927,1995.5
1714,Thailand,2000,27.42,0.2623412698412698,2005.5
1715,Thailand,2010,27.76,0.3448773448773465,2011.909090909091
1716,Togo,1900,26.09,0.7979166666666662,1905.5
1717,Togo,1910,26.65,0.7462500000000005,1915.5
1718,Togo,1920,26.82,0.6320833333333333,1925.5
1719,Togo,1930,26.85,0.5237500000000003,1935.5
1720,Togo,1940,26.99,0.38708333333333317,1945.5
1721,Togo,1950,26.64,0.2933333333333333,1955.5
1722,Togo,1960,26.7,0.2741666666666667,1965.5
1723,Togo,1970,26.78,0.27458333333333323,1975.5
1724,Togo,1980,27.08,0.2941666666666665,1985.5
1725,Togo,1990,27.04,0.2833333333333333,1995.5
1726,Togo,2000,27.45,0.3512499999999999,2005.5
1727,Togo,2010,27.39,0.5166666666666666,2011.909090909091
1728,Tunisia,1900,18.32,0.6563333333333328,1905.5
1729,Tunisia,1910,18.66,0.7103333333333336,1915.5
1730,Tunisia,1920,18.93,0.6086666666666665,1925.5
1731,Tunisia,1930,18.9,0.4843333333333344,1935.5
1732,Tunisia,1940,19.19,0.44033333333333513,1945.5
1733,Tunisia,1950,18.95,0.45700000000000063,1955.5
1734,Tunisia,1960,18.91,0.3868333333333353,1965.5
1735,Tunisia,1970,18.63,0.30633333333333357,1975.5
1736,Tunisia,1980,19.3,0.33133333333333426,1985.5
1737,Tunisia,1990,19.56,0.2978333333333336,1995.5
1738,Tunisia,2000,20.04,0.31116666666666726,2005.5
1739,Tunisia,2010,20.15,0.4599999999999998,2011.909090909091
1740,Turkey,1900,12.78,0.6719444444444418,1905.5
1741,Turkey,1910,12.88,0.6854248366013082,1915.5
1742,Turkey,1920,13.24,0.5692156862745038,1925.5
1743,Turkey,1930,13.28,0.4904901960784334,1935.5
1744,Turkey,1940,13.02,0.44436274509804613,1945.5
1745,Turkey,1950,13.37,0.45815359477124423,1955.5
1746,Turkey,1960,13.48,0.3378758169934777,1965.5
1747,Turkey,1970,13.15,0.3119444444444584,1975.5
1748,Turkey,1980,13.27,0.3164052287581862,1985.5
1749,Turkey,1990,13.41,0.37751633986928945,1995.5
1750,Turkey,2000,14.11,0.38531045751634707,2005.5
1751,Turkey,2010,14.15,0.4630421865715977,2011.909090909091
1752,Turkmenistan,1900,14.02,0.7761111111111109,1905.5
1753,Turkmenistan,1910,14.13,0.787222222222222,1915.5
1754,Turkmenistan,1920,13.99,0.7036111111111117,1925.5
1755,Turkmenistan,1930,14.11,0.6519444444444449,1935.5
1756,Turkmenistan,1940,14.37,0.5691666666666672,1945.5
1757,Turkmenistan,1950,14.28,0.5502777777777788,1955.5
1758,Turkmenistan,1960,14.66,0.5025000000000004,1965.5
1759,Turkmenistan,1970,14.52,0.4863888888888895,1975.5
1760,Turkmenistan,1980,15.05,0.38305555555555615,1985.5
1761,Turkmenistan,1990,15.31,0.33472222222222237,1995.5
1762,Turkmenistan,2000,15.92,0.34166666666666684,2005.5
1763,Turkmenistan,2010,16.0,0.403030303030303,2011.909090909091
1764,Uganda,1900,23.74,0.9280555555555554,1905.5
1765,Uganda,1910,23.83,0.7872222222222217,1915.5
1766,Uganda,1920,23.81,0.813333333333333,1925.5
1767,Uganda,1930,24.06,0.3905555555555559,1935.5
1768,Uganda,1940,24.08,0.3905555555555559,1945.5
1769,Uganda,1950,24.01,0.3741666666666669,1955.5
1770,Uganda,1960,23.95,0.42472222222222294,1965.5
1771,Uganda,1970,24.17,0.458333333333334,1975.5
1772,Uganda,1980,24.37,0.4563888888888893,1985.5
1773,Uganda,1990,24.42,0.5358333333333342,1995.5
1774,Uganda,2000,24.73,0.4975000000000006,2005.5
1775,Uganda,2010,24.82,0.5666666666666668,2011.909090909091
1776,Ukraine,1900,7.78,0.511631944444446,1905.5
1777,Ukraine,1910,7.65,0.4969097222222212,1915.5
1778,Ukraine,1920,7.77,0.45170138888888567,1925.5
1779,Ukraine,1930,8.01,0.39038194444444074,1935.5
1780,Ukraine,1940,7.67,0.39920138888888557,1945.5
1781,Ukraine,1950,8.04,0.34593749999999535,1955.5
1782,Ukraine,1960,8.15,0.3304513888888843,1965.5
1783,Ukraine,1970,8.08,0.28840277777777573,1975.5
1784,Ukraine,1980,8.29,0.278368055555555,1985.5
1785,Ukraine,1990,8.57,0.25802083333333464,1995.5
1786,Ukraine,2000,9.31,0.2752083333333319,2005.5
1787,Ukraine,2010,9.68,0.3672979797979808,2011.909090909091
1788,United Arab Emirates,1900,26.32,0.7733333333333328,1905.5
1789,United Arab Emirates,1910,26.23,0.8225000000000007,1915.5
1790,United Arab Emirates,1920,26.48,0.9324999999999994,1925.5
1791,United Arab Emirates,1930,26.28,0.75,1935.5
1792,United Arab Emirates,1940,26.59,0.7041666666666673,1945.5
1793,United Arab Emirates,1950,26.66,0.6483333333333339,1955.5
1794,United Arab Emirates,1960,26.62,0.7200000000000004,1965.5
1795,United Arab Emirates,1970,26.7,0.5525000000000008,1975.5
1796,United Arab Emirates,1980,26.63,0.3425000000000001,1985.5
1797,United Arab Emirates,1990,27.17,0.321666666666667,1995.5
1798,United Arab Emirates,2000,28.03,0.38083333333333386,2005.5
1799,United Arab Emirates,2010,28.27,0.7545454545454544,2011.909090909091
1800,United Kingdom,1900,8.87,0.4215441176470744,1905.5
1801,United Kingdom,1910,9.09,0.3828431372549216,1915.5
1802,United Kingdom,1920,9.11,0.33501225490197634,1925.5
1803,United Kingdom,1930,9.35,0.3209068627451095,1935.5
1804,United Kingdom,1940,9.47,0.27426470588235385,1945.5
1805,United Kingdom,1950,9.33,0.2839950980392174,1955.5
1806,United Kingdom,1960,9.04,0.29958333333333886,1965.5
1807,United Kingdom,1970,9.31,0.27117647058823957,1975.5
1808,United Kingdom,1980,9.43,0.24562500000000295,1985.5
1809,United Kingdom,1990,9.82,0.2359191176470643,1995.5
1810,United Kingdom,2000,10.14,0.23545343137255212,2005.5
1811,United Kingdom,2010,10.01,0.3156862745098018,2011.909090909091
1812,United States,1900,13.99,0.4834857328144787,1905.5
1813,United States,1910,13.94,0.4526102464331568,1915.5
1814,United States,1920,14.3,0.3917769130998173,1925.5
1815,United States,1930,14.61,0.33764915693900854,1935.5
1816,United States,1940,14.42,0.2993936446173646,1945.5
1817,United States,1950,14.55,0.3127788586251438,1955.5
1818,United States,1960,14.25,0.31037613488973337,1965.5
1819,United States,1970,14.33,0.31246757457844354,1975.5
1820,United States,1980,14.65,0.31333981841761654,1985.5
1821,United States,1990,14.86,0.2981582360570527,1995.5
1822,United States,2000,15.07,0.2901167315174926,2005.5
1823,United States,2010,15.76,0.3459615611366734,2011.909090909091
1824,Uruguay,1900,17.17,0.6716666666666666,1905.5
1825,Uruguay,1910,17.34,0.6933333333333329,1915.5
1826,Uruguay,1920,17.4,0.6141666666666671,1925.5
1827,Uruguay,1930,17.44,0.41624999999999973,1935.5
1828,Uruguay,1940,17.65,0.38916666666666677,1945.5
1829,Uruguay,1950,17.5,0.32708333333333356,1955.5
1830,Uruguay,1960,17.67,0.3270833333333331,1965.5
1831,Uruguay,1970,17.74,0.30041666666666633,1975.5
1832,Uruguay,1980,18.0,0.2920833333333335,1985.5
1833,Uruguay,1990,18.07,0.26916666666666667,1995.5
1834,Uruguay,2000,18.28,0.29416666666666663,2005.5
1835,Uruguay,2010,18.08,0.3621212121212121,2011.909090909091
1836,Uzbekistan,1900,11.55,0.7116666666666666,1905.5
1837,Uzbekistan,1910,11.88,0.8948958333333333,1915.5
1838,Uzbekistan,1920,11.67,0.7694791666666657,1925.5
1839,Uzbekistan,1930,11.75,0.6658333333333317,1935.5
1840,Uzbekistan,1940,12.11,0.6012499999999982,1945.5
1841,Uzbekistan,1950,11.96,0.5668749999999991,1955.5
1842,Uzbekistan,1960,12.32,0.5185416666666666,1965.5
1843,Uzbekistan,1970,12.22,0.5117708333333331,1975.5
1844,Uzbekistan,1980,12.68,0.40604166666666675,1985.5
1845,Uzbekistan,1990,12.86,0.3708333333333336,1995.5
1846,Uzbekistan,2000,13.44,0.3566666666666673,2005.5
1847,Uzbekistan,2010,13.46,0.4749999999999999,2011.909090909091
1848,Venezuela,1900,25.21,0.6310208333333364,1905.5
1849,Venezuela,1910,25.14,0.595791666666676,1915.5
1850,Venezuela,1920,25.32,0.515916666666673,1925.5
1851,Venezuela,1930,25.5,0.5325000000000053,1935.5
1852,Venezuela,1940,25.61,0.47820833333333573,1945.5
1853,Venezuela,1950,25.78,0.4602708333333372,1955.5
1854,Venezuela,1960,25.8,0.3511041666666661,1965.5
1855,Venezuela,1970,25.77,0.41312500000000285,1975.5
1856,Venezuela,1980,25.89,0.44808333333333583,1985.5
1857,Venezuela,1990,26.04,0.43429166666666824,1995.5
1858,Venezuela,2000,26.35,0.43987500000000246,2005.5
1859,Venezuela,2010,26.22,0.5296969696969687,2011.909090909091
1860,Vietnam,1900,24.66,0.5968055555555568,1905.5
1861,Vietnam,1910,24.72,0.48386111111111113,1915.5
1862,Vietnam,1920,24.76,0.47125000000000095,1925.5
1863,Vietnam,1930,24.96,0.3987777777777768,1935.5
1864,Vietnam,1940,25.18,0.5184444444444486,1945.5
1865,Vietnam,1950,25.16,0.35788888888888726,1955.5
1866,Vietnam,1960,25.14,0.34897222222222024,1965.5
1867,Vietnam,1970,25.11,0.3522222222222209,1975.5
1868,Vietnam,1980,25.25,0.3567777777777763,1985.5
1869,Vietnam,1990,25.29,0.29902777777777817,1995.5
1870,Vietnam,2000,25.52,0.3110833333333311,2005.5
1871,Vietnam,2010,25.6,0.44313131313131365,2011.909090909091
1872,Yemen,1900,25.42,1.1966666666666674,1905.5
1873,Yemen,1910,25.42,1.0783333333333336,1915.5
1874,Yemen,1920,25.56,0.9445833333333333,1925.5
1875,Yemen,1930,25.54,1.032916666666667,1935.5
1876,Yemen,1940,25.9,0.7345833333333343,1945.5
1877,Yemen,1950,25.66,0.6687500000000003,1955.5
1878,Yemen,1960,25.77,0.6666666666666674,1965.5
1879,Yemen,1970,25.87,0.900833333333333,1975.5
1880,Yemen,1980,25.83,0.869583333333333,1985.5
1881,Yemen,1990,26.32,0.8641666666666671,1995.5
1882,Yemen,2000,26.66,0.7162500000000003,2005.5
1883,Yemen,2010,27.0,0.7984848484848486,2011.909090909091
1884,Zambia,1900,20.49,0.8164583333333363,1905.5
1885,Zambia,1910,20.83,0.8155208333333345,1915.5
1886,Zambia,1920,20.87,0.7916666666666677,1925.5
1887,Zambia,1930,20.73,0.6057291666666661,1935.5
1888,Zambia,1940,20.98,0.3843749999999996,1945.5
1889,Zambia,1950,21.04,0.40854166666666614,1955.5
1890,Zambia,1960,20.98,0.39437499999999953,1965.5
1891,Zambia,1970,20.83,0.37802083333333336,1975.5
1892,Zambia,1980,21.39,0.5646874999999992,1985.5
1893,Zambia,1990,21.57,0.6170833333333324,1995.5
1894,Zambia,2000,21.62,0.6004166666666659,2005.5
1895,Zambia,2010,21.21,0.7359848484848484,2011.909090909091
1896,Zimbabwe,1900,19.37,0.7333333333333331,1905.5
1897,Zimbabwe,1910,19.73,0.7194047619047613,1915.5
1898,Zimbabwe,1920,19.74,0.47297619047619016,1925.5
1899,Zimbabwe,1930,19.65,0.38702380952380916,1935.5
1900,Zimbabwe,1940,20.02,0.31642857142857184,1945.5
1901,Zimbabwe,1950,19.89,0.31083333333333396,1955.5
1902,Zimbabwe,1960,19.96,0.30023809523809564,1965.5
1903,Zimbabwe,1970,19.75,0.27071428571428563,1975.5
1904,Zimbabwe,1980,20.34,0.2903571428571436,1985.5
1905,Zimbabwe,1990,20.56,0.3386904761904766,1995.5
1906,Zimbabwe,2000,20.47,0.44511904761904814,2005.5
1907,Zimbabwe,2010,20.06,0.6129870129870127,2011.909090909091
